Domain,Area,Element,Item,Year,Unit,Value
"Forestry Production and Trade","Syrian Arab Republic","Production","Roundwood","1961","m3","80000"
"Forestry Production and Trade","Syrian Arab Republic","Production","Roundwood","1962","m3","80000"
"Forestry Production and Trade","Syrian Arab Republic","Production","Roundwood","1963","m3","80000"
"Forestry Production and Trade","Syrian Arab Republic","Production","Roundwood","1964","m3","80000"
"Forestry Production and Trade","Syrian Arab Republic","Production","Roundwood","1965","m3","80000"
"Forestry Production and Trade","Syrian Arab Republic","Production","Roundwood","1966","m3","33300"
"Forestry Production and Trade","Syrian Arab Republic","Production","Roundwood","1967","m3","34800"
"Forestry Production and Trade","Syrian Arab Republic","Production","Roundwood","1968","m3","45600"
"Forestry Production and Trade","Syrian Arab Republic","Production","Roundwood","1969","m3","62700"
"Forestry Production and Trade","Syrian Arab Republic","Production","Roundwood","1970","m3","72000"
"Forestry Production and Trade","Syrian Arab Republic","Production","Roundwood","1971","m3","70000"
"Forestry Production and Trade","Syrian Arab Republic","Production","Roundwood","1972","m3","43300"
"Forestry Production and Trade","Syrian Arab Republic","Production","Roundwood","1973","m3","51200"
"Forestry Production and Trade","Syrian Arab Republic","Production","Roundwood","1974","m3","40900"
"Forestry Production and Trade","Syrian Arab Republic","Production","Roundwood","1975","m3","53300"
"Forestry Production and Trade","Syrian Arab Republic","Production","Roundwood","1976","m3","36100"
"Forestry Production and Trade","Syrian Arab Republic","Production","Roundwood","1977","m3","31200"
"Forestry Production and Trade","Syrian Arab Republic","Production","Roundwood","1978","m3","19800"
"Forestry Production and Trade","Syrian Arab Republic","Production","Roundwood","1979","m3","36100"
"Forestry Production and Trade","Syrian Arab Republic","Production","Roundwood","1980","m3","37000"
"Forestry Production and Trade","Syrian Arab Republic","Production","Roundwood","1981","m3","37000"
"Forestry Production and Trade","Syrian Arab Republic","Production","Roundwood","1982","m3","32400"
"Forestry Production and Trade","Syrian Arab Republic","Production","Roundwood","1983","m3","44100"
"Forestry Production and Trade","Syrian Arab Republic","Production","Roundwood","1984","m3","44100"
"Forestry Production and Trade","Syrian Arab Republic","Production","Roundwood","1985","m3","44100"
"Forestry Production and Trade","Syrian Arab Republic","Production","Roundwood","1986","m3","44100"
"Forestry Production and Trade","Syrian Arab Republic","Production","Roundwood","1987","m3","74600"
"Forestry Production and Trade","Syrian Arab Republic","Production","Roundwood","1988","m3","74200"
"Forestry Production and Trade","Syrian Arab Republic","Production","Roundwood","1989","m3","51850"
"Forestry Production and Trade","Syrian Arab Republic","Production","Roundwood","1990","m3","49600"
"Forestry Production and Trade","Syrian Arab Republic","Production","Roundwood","1991","m3","80800"
"Forestry Production and Trade","Syrian Arab Republic","Production","Roundwood","1992","m3","77660"
"Forestry Production and Trade","Syrian Arab Republic","Production","Roundwood","1993","m3","50400"
"Forestry Production and Trade","Syrian Arab Republic","Production","Roundwood","1994","m3","50400"
"Forestry Production and Trade","Syrian Arab Republic","Production","Roundwood","1995","m3","50400"
"Forestry Production and Trade","Syrian Arab Republic","Production","Roundwood","1996","m3","50400"
"Forestry Production and Trade","Syrian Arab Republic","Production","Roundwood","1997","m3","50400"
"Forestry Production and Trade","Syrian Arab Republic","Production","Roundwood","1998","m3","50400"
"Forestry Production and Trade","Syrian Arab Republic","Production","Roundwood","1999","m3","50400"
"Forestry Production and Trade","Syrian Arab Republic","Production","Roundwood","2000","m3","50400"
"Forestry Production and Trade","Syrian Arab Republic","Production","Roundwood","2001","m3","50400"
"Forestry Production and Trade","Syrian Arab Republic","Production","Roundwood","2002","m3","50400"
"Forestry Production and Trade","Syrian Arab Republic","Production","Roundwood","2003","m3","58100"
"Forestry Production and Trade","Syrian Arab Republic","Production","Roundwood","2004","m3","61419"
"Forestry Production and Trade","Syrian Arab Republic","Production","Roundwood","2005","m3","62105"
"Forestry Production and Trade","Syrian Arab Republic","Production","Roundwood","2006","m3","64347"
"Forestry Production and Trade","Syrian Arab Republic","Production","Roundwood","2007","m3","65200"
"Forestry Production and Trade","Syrian Arab Republic","Production","Roundwood","2008","m3","66100"
"Forestry Production and Trade","Syrian Arab Republic","Production","Roundwood","2009","m3","66962"
"Forestry Production and Trade","Syrian Arab Republic","Production","Roundwood","2010","m3","67893"
"Forestry Production and Trade","Syrian Arab Republic","Production","Roundwood","2011","m3","68047"
"Forestry Production and Trade","Syrian Arab Republic","Production","Roundwood","2012","m3","69608"
"Forestry Production and Trade","Syrian Arab Republic","Production","Roundwood","2013","m3","70505"
"Forestry Production and Trade","Syrian Arab Republic","Production","Roundwood","2014","m3","71428"
"Forestry Production and Trade","Syrian Arab Republic","Production","Roundwood","2015","m3","72380"
"Forestry Production and Trade","Syrian Arab Republic","Production","Roundwood","2016","m3","73099"
"Forestry Production and Trade","Syrian Arab Republic","Production","Roundwood","2017","m3","73834"
"Forestry Production and Trade","Syrian Arab Republic","Production","Roundwood","2018","m3","74585"
"Forestry Production and Trade","Syrian Arab Republic","Production","Roundwood","2019","m3","75353"
"Forestry Production and Trade","Syrian Arab Republic","Production","Roundwood","2020","m3","76138"
"Forestry Production and Trade","Syrian Arab Republic","Production","Roundwood","2021","m3","76941"
"Forestry Production and Trade","Syrian Arab Republic","Production","Roundwood","2022","m3","77760"
"Forestry Production and Trade","Syrian Arab Republic","Production","Roundwood","2023","m3","78599"
"Forestry Production and Trade","Syrian Arab Republic","Production","Roundwood","2024","m3","79455"
"Forestry Production and Trade","Syrian Arab Republic","Production","Roundwood, coniferous","1961","m3","2000"
"Forestry Production and Trade","Syrian Arab Republic","Production","Roundwood, coniferous","1962","m3","2000"
"Forestry Production and Trade","Syrian Arab Republic","Production","Roundwood, coniferous","1963","m3","2000"
"Forestry Production and Trade","Syrian Arab Republic","Production","Roundwood, coniferous","1964","m3","2000"
"Forestry Production and Trade","Syrian Arab Republic","Production","Roundwood, coniferous","1965","m3","2000"
"Forestry Production and Trade","Syrian Arab Republic","Production","Roundwood, coniferous","1966","m3","3800"
"Forestry Production and Trade","Syrian Arab Republic","Production","Roundwood, coniferous","1967","m3","2800"
"Forestry Production and Trade","Syrian Arab Republic","Production","Roundwood, coniferous","1968","m3","7600"
"Forestry Production and Trade","Syrian Arab Republic","Production","Roundwood, coniferous","1969","m3","3000"
"Forestry Production and Trade","Syrian Arab Republic","Production","Roundwood, coniferous","1970","m3","4000"
"Forestry Production and Trade","Syrian Arab Republic","Production","Roundwood, coniferous","1971","m3","3300"
"Forestry Production and Trade","Syrian Arab Republic","Production","Roundwood, coniferous","1972","m3","4100"
"Forestry Production and Trade","Syrian Arab Republic","Production","Roundwood, coniferous","1973","m3","13800"
"Forestry Production and Trade","Syrian Arab Republic","Production","Roundwood, coniferous","1974","m3","5200"
"Forestry Production and Trade","Syrian Arab Republic","Production","Roundwood, coniferous","1975","m3","11000"
"Forestry Production and Trade","Syrian Arab Republic","Production","Roundwood, coniferous","1976","m3","7200"
"Forestry Production and Trade","Syrian Arab Republic","Production","Roundwood, coniferous","1977","m3","10100"
"Forestry Production and Trade","Syrian Arab Republic","Production","Roundwood, coniferous","1978","m3","7700"
"Forestry Production and Trade","Syrian Arab Republic","Production","Roundwood, coniferous","1979","m3","4400"
"Forestry Production and Trade","Syrian Arab Republic","Production","Roundwood, coniferous","1980","m3","7600"
"Forestry Production and Trade","Syrian Arab Republic","Production","Roundwood, coniferous","1981","m3","7600"
"Forestry Production and Trade","Syrian Arab Republic","Production","Roundwood, coniferous","1982","m3","4900"
"Forestry Production and Trade","Syrian Arab Republic","Production","Roundwood, coniferous","1983","m3","10600"
"Forestry Production and Trade","Syrian Arab Republic","Production","Roundwood, coniferous","1984","m3","12600"
"Forestry Production and Trade","Syrian Arab Republic","Production","Roundwood, coniferous","1985","m3","12600"
"Forestry Production and Trade","Syrian Arab Republic","Production","Roundwood, coniferous","1986","m3","14600"
"Forestry Production and Trade","Syrian Arab Republic","Production","Roundwood, coniferous","1987","m3","45400"
"Forestry Production and Trade","Syrian Arab Republic","Production","Roundwood, coniferous","1988","m3","45000"
"Forestry Production and Trade","Syrian Arab Republic","Production","Roundwood, coniferous","1989","m3","27850"
"Forestry Production and Trade","Syrian Arab Republic","Production","Roundwood, coniferous","1990","m3","24700"
"Forestry Production and Trade","Syrian Arab Republic","Production","Roundwood, coniferous","1991","m3","32600"
"Forestry Production and Trade","Syrian Arab Republic","Production","Roundwood, coniferous","1992","m3","30200"
"Forestry Production and Trade","Syrian Arab Republic","Production","Roundwood, coniferous","1993","m3","25000"
"Forestry Production and Trade","Syrian Arab Republic","Production","Roundwood, coniferous","1994","m3","25000"
"Forestry Production and Trade","Syrian Arab Republic","Production","Roundwood, coniferous","1995","m3","25000"
"Forestry Production and Trade","Syrian Arab Republic","Production","Roundwood, coniferous","1996","m3","25000"
"Forestry Production and Trade","Syrian Arab Republic","Production","Roundwood, coniferous","1997","m3","25000"
"Forestry Production and Trade","Syrian Arab Republic","Production","Roundwood, coniferous","1998","m3","25000"
"Forestry Production and Trade","Syrian Arab Republic","Production","Roundwood, coniferous","1999","m3","25000"
"Forestry Production and Trade","Syrian Arab Republic","Production","Roundwood, coniferous","2000","m3","25000"
"Forestry Production and Trade","Syrian Arab Republic","Production","Roundwood, coniferous","2001","m3","25000"
"Forestry Production and Trade","Syrian Arab Republic","Production","Roundwood, coniferous","2002","m3","25000"
"Forestry Production and Trade","Syrian Arab Republic","Production","Roundwood, coniferous","2003","m3","27400"
"Forestry Production and Trade","Syrian Arab Republic","Production","Roundwood, coniferous","2004","m3","30719"
"Forestry Production and Trade","Syrian Arab Republic","Production","Roundwood, coniferous","2005","m3","31405"
"Forestry Production and Trade","Syrian Arab Republic","Production","Roundwood, coniferous","2006","m3","32070"
"Forestry Production and Trade","Syrian Arab Republic","Production","Roundwood, coniferous","2007","m3","32800"
"Forestry Production and Trade","Syrian Arab Republic","Production","Roundwood, coniferous","2008","m3","33500"
"Forestry Production and Trade","Syrian Arab Republic","Production","Roundwood, coniferous","2009","m3","34208"
"Forestry Production and Trade","Syrian Arab Republic","Production","Roundwood, coniferous","2010","m3","34969"
"Forestry Production and Trade","Syrian Arab Republic","Production","Roundwood, coniferous","2011","m3","34969"
"Forestry Production and Trade","Syrian Arab Republic","Production","Roundwood, coniferous","2012","m3","36372"
"Forestry Production and Trade","Syrian Arab Republic","Production","Roundwood, coniferous","2013","m3","37105"
"Forestry Production and Trade","Syrian Arab Republic","Production","Roundwood, coniferous","2014","m3","37860"
"Forestry Production and Trade","Syrian Arab Republic","Production","Roundwood, coniferous","2015","m3","38638"
"Forestry Production and Trade","Syrian Arab Republic","Production","Roundwood, coniferous","2016","m3","39226"
"Forestry Production and Trade","Syrian Arab Republic","Production","Roundwood, coniferous","2017","m3","39827"
"Forestry Production and Trade","Syrian Arab Republic","Production","Roundwood, coniferous","2018","m3","40441"
"Forestry Production and Trade","Syrian Arab Republic","Production","Roundwood, coniferous","2019","m3","41069"
"Forestry Production and Trade","Syrian Arab Republic","Production","Roundwood, coniferous","2020","m3","41711"
"Forestry Production and Trade","Syrian Arab Republic","Production","Roundwood, coniferous","2021","m3","42367"
"Forestry Production and Trade","Syrian Arab Republic","Production","Roundwood, coniferous","2022","m3","43037"
"Forestry Production and Trade","Syrian Arab Republic","Production","Roundwood, coniferous","2023","m3","43723"
"Forestry Production and Trade","Syrian Arab Republic","Production","Roundwood, coniferous","2024","m3","44423"
"Forestry Production and Trade","Syrian Arab Republic","Production","Roundwood, non-coniferous","1961","m3","78000"
"Forestry Production and Trade","Syrian Arab Republic","Production","Roundwood, non-coniferous","1962","m3","78000"
"Forestry Production and Trade","Syrian Arab Republic","Production","Roundwood, non-coniferous","1963","m3","78000"
"Forestry Production and Trade","Syrian Arab Republic","Production","Roundwood, non-coniferous","1964","m3","78000"
"Forestry Production and Trade","Syrian Arab Republic","Production","Roundwood, non-coniferous","1965","m3","78000"
"Forestry Production and Trade","Syrian Arab Republic","Production","Roundwood, non-coniferous","1966","m3","29500"
"Forestry Production and Trade","Syrian Arab Republic","Production","Roundwood, non-coniferous","1967","m3","32000"
"Forestry Production and Trade","Syrian Arab Republic","Production","Roundwood, non-coniferous","1968","m3","38000"
"Forestry Production and Trade","Syrian Arab Republic","Production","Roundwood, non-coniferous","1969","m3","59700"
"Forestry Production and Trade","Syrian Arab Republic","Production","Roundwood, non-coniferous","1970","m3","68000"
"Forestry Production and Trade","Syrian Arab Republic","Production","Roundwood, non-coniferous","1971","m3","66700"
"Forestry Production and Trade","Syrian Arab Republic","Production","Roundwood, non-coniferous","1972","m3","39200"
"Forestry Production and Trade","Syrian Arab Republic","Production","Roundwood, non-coniferous","1973","m3","37400"
"Forestry Production and Trade","Syrian Arab Republic","Production","Roundwood, non-coniferous","1974","m3","35700"
"Forestry Production and Trade","Syrian Arab Republic","Production","Roundwood, non-coniferous","1975","m3","42300"
"Forestry Production and Trade","Syrian Arab Republic","Production","Roundwood, non-coniferous","1976","m3","28900"
"Forestry Production and Trade","Syrian Arab Republic","Production","Roundwood, non-coniferous","1977","m3","21100"
"Forestry Production and Trade","Syrian Arab Republic","Production","Roundwood, non-coniferous","1978","m3","12100"
"Forestry Production and Trade","Syrian Arab Republic","Production","Roundwood, non-coniferous","1979","m3","31700"
"Forestry Production and Trade","Syrian Arab Republic","Production","Roundwood, non-coniferous","1980","m3","29400"
"Forestry Production and Trade","Syrian Arab Republic","Production","Roundwood, non-coniferous","1981","m3","29400"
"Forestry Production and Trade","Syrian Arab Republic","Production","Roundwood, non-coniferous","1982","m3","27500"
"Forestry Production and Trade","Syrian Arab Republic","Production","Roundwood, non-coniferous","1983","m3","33500"
"Forestry Production and Trade","Syrian Arab Republic","Production","Roundwood, non-coniferous","1984","m3","31500"
"Forestry Production and Trade","Syrian Arab Republic","Production","Roundwood, non-coniferous","1985","m3","31500"
"Forestry Production and Trade","Syrian Arab Republic","Production","Roundwood, non-coniferous","1986","m3","29500"
"Forestry Production and Trade","Syrian Arab Republic","Production","Roundwood, non-coniferous","1987","m3","29200"
"Forestry Production and Trade","Syrian Arab Republic","Production","Roundwood, non-coniferous","1988","m3","29200"
"Forestry Production and Trade","Syrian Arab Republic","Production","Roundwood, non-coniferous","1989","m3","24000"
"Forestry Production and Trade","Syrian Arab Republic","Production","Roundwood, non-coniferous","1990","m3","24900"
"Forestry Production and Trade","Syrian Arab Republic","Production","Roundwood, non-coniferous","1991","m3","48200"
"Forestry Production and Trade","Syrian Arab Republic","Production","Roundwood, non-coniferous","1992","m3","47460"
"Forestry Production and Trade","Syrian Arab Republic","Production","Roundwood, non-coniferous","1993","m3","25400"
"Forestry Production and Trade","Syrian Arab Republic","Production","Roundwood, non-coniferous","1994","m3","25400"
"Forestry Production and Trade","Syrian Arab Republic","Production","Roundwood, non-coniferous","1995","m3","25400"
"Forestry Production and Trade","Syrian Arab Republic","Production","Roundwood, non-coniferous","1996","m3","25400"
"Forestry Production and Trade","Syrian Arab Republic","Production","Roundwood, non-coniferous","1997","m3","25400"
"Forestry Production and Trade","Syrian Arab Republic","Production","Roundwood, non-coniferous","1998","m3","25400"
"Forestry Production and Trade","Syrian Arab Republic","Production","Roundwood, non-coniferous","1999","m3","25400"
"Forestry Production and Trade","Syrian Arab Republic","Production","Roundwood, non-coniferous","2000","m3","25400"
"Forestry Production and Trade","Syrian Arab Republic","Production","Roundwood, non-coniferous","2001","m3","25400"
"Forestry Production and Trade","Syrian Arab Republic","Production","Roundwood, non-coniferous","2002","m3","25400"
"Forestry Production and Trade","Syrian Arab Republic","Production","Roundwood, non-coniferous","2003","m3","30700"
"Forestry Production and Trade","Syrian Arab Republic","Production","Roundwood, non-coniferous","2004","m3","30700"
"Forestry Production and Trade","Syrian Arab Republic","Production","Roundwood, non-coniferous","2005","m3","30700"
"Forestry Production and Trade","Syrian Arab Republic","Production","Roundwood, non-coniferous","2006","m3","32277"
"Forestry Production and Trade","Syrian Arab Republic","Production","Roundwood, non-coniferous","2007","m3","32400"
"Forestry Production and Trade","Syrian Arab Republic","Production","Roundwood, non-coniferous","2008","m3","32600"
"Forestry Production and Trade","Syrian Arab Republic","Production","Roundwood, non-coniferous","2009","m3","32754"
"Forestry Production and Trade","Syrian Arab Republic","Production","Roundwood, non-coniferous","2010","m3","32924"
"Forestry Production and Trade","Syrian Arab Republic","Production","Roundwood, non-coniferous","2011","m3","33078"
"Forestry Production and Trade","Syrian Arab Republic","Production","Roundwood, non-coniferous","2012","m3","33236"
"Forestry Production and Trade","Syrian Arab Republic","Production","Roundwood, non-coniferous","2013","m3","33400"
"Forestry Production and Trade","Syrian Arab Republic","Production","Roundwood, non-coniferous","2014","m3","33568"
"Forestry Production and Trade","Syrian Arab Republic","Production","Roundwood, non-coniferous","2015","m3","33742"
"Forestry Production and Trade","Syrian Arab Republic","Production","Roundwood, non-coniferous","2016","m3","33873"
"Forestry Production and Trade","Syrian Arab Republic","Production","Roundwood, non-coniferous","2017","m3","34007"
"Forestry Production and Trade","Syrian Arab Republic","Production","Roundwood, non-coniferous","2018","m3","34144"
"Forestry Production and Trade","Syrian Arab Republic","Production","Roundwood, non-coniferous","2019","m3","34284"
"Forestry Production and Trade","Syrian Arab Republic","Production","Roundwood, non-coniferous","2020","m3","34427"
"Forestry Production and Trade","Syrian Arab Republic","Production","Roundwood, non-coniferous","2021","m3","34574"
"Forestry Production and Trade","Syrian Arab Republic","Production","Roundwood, non-coniferous","2022","m3","34723"
"Forestry Production and Trade","Syrian Arab Republic","Production","Roundwood, non-coniferous","2023","m3","34876"
"Forestry Production and Trade","Syrian Arab Republic","Production","Roundwood, non-coniferous","2024","m3","35032"
"Forestry Production and Trade","Syrian Arab Republic","Production","Wood fuel","1961","m3","50000"
"Forestry Production and Trade","Syrian Arab Republic","Production","Wood fuel","1962","m3","50000"
"Forestry Production and Trade","Syrian Arab Republic","Production","Wood fuel","1963","m3","50000"
"Forestry Production and Trade","Syrian Arab Republic","Production","Wood fuel","1964","m3","50000"
"Forestry Production and Trade","Syrian Arab Republic","Production","Wood fuel","1965","m3","50000"
"Forestry Production and Trade","Syrian Arab Republic","Production","Wood fuel","1966","m3","3300"
"Forestry Production and Trade","Syrian Arab Republic","Production","Wood fuel","1967","m3","1800"
"Forestry Production and Trade","Syrian Arab Republic","Production","Wood fuel","1968","m3","6600"
"Forestry Production and Trade","Syrian Arab Republic","Production","Wood fuel","1969","m3","10700"
"Forestry Production and Trade","Syrian Arab Republic","Production","Wood fuel","1970","m3","10000"
"Forestry Production and Trade","Syrian Arab Republic","Production","Wood fuel","1971","m3","3000"
"Forestry Production and Trade","Syrian Arab Republic","Production","Wood fuel","1972","m3","5300"
"Forestry Production and Trade","Syrian Arab Republic","Production","Wood fuel","1973","m3","14200"
"Forestry Production and Trade","Syrian Arab Republic","Production","Wood fuel","1974","m3","3900"
"Forestry Production and Trade","Syrian Arab Republic","Production","Wood fuel","1975","m3","8300"
"Forestry Production and Trade","Syrian Arab Republic","Production","Wood fuel","1976","m3","2100"
"Forestry Production and Trade","Syrian Arab Republic","Production","Wood fuel","1977","m3","7800"
"Forestry Production and Trade","Syrian Arab Republic","Production","Wood fuel","1978","m3","3900"
"Forestry Production and Trade","Syrian Arab Republic","Production","Wood fuel","1979","m3","12300"
"Forestry Production and Trade","Syrian Arab Republic","Production","Wood fuel","1980","m3","12300"
"Forestry Production and Trade","Syrian Arab Republic","Production","Wood fuel","1981","m3","12300"
"Forestry Production and Trade","Syrian Arab Republic","Production","Wood fuel","1982","m3","10000"
"Forestry Production and Trade","Syrian Arab Republic","Production","Wood fuel","1983","m3","10600"
"Forestry Production and Trade","Syrian Arab Republic","Production","Wood fuel","1984","m3","10600"
"Forestry Production and Trade","Syrian Arab Republic","Production","Wood fuel","1985","m3","10600"
"Forestry Production and Trade","Syrian Arab Republic","Production","Wood fuel","1986","m3","10600"
"Forestry Production and Trade","Syrian Arab Republic","Production","Wood fuel","1987","m3","10400"
"Forestry Production and Trade","Syrian Arab Republic","Production","Wood fuel","1988","m3","10000"
"Forestry Production and Trade","Syrian Arab Republic","Production","Wood fuel","1989","m3","11300"
"Forestry Production and Trade","Syrian Arab Republic","Production","Wood fuel","1990","m3","8900"
"Forestry Production and Trade","Syrian Arab Republic","Production","Wood fuel","1991","m3","18300"
"Forestry Production and Trade","Syrian Arab Republic","Production","Wood fuel","1992","m3","21160"
"Forestry Production and Trade","Syrian Arab Republic","Production","Wood fuel","1993","m3","15900"
"Forestry Production and Trade","Syrian Arab Republic","Production","Wood fuel","1994","m3","15900"
"Forestry Production and Trade","Syrian Arab Republic","Production","Wood fuel","1995","m3","15900"
"Forestry Production and Trade","Syrian Arab Republic","Production","Wood fuel","1996","m3","15900"
"Forestry Production and Trade","Syrian Arab Republic","Production","Wood fuel","1997","m3","15900"
"Forestry Production and Trade","Syrian Arab Republic","Production","Wood fuel","1998","m3","15900"
"Forestry Production and Trade","Syrian Arab Republic","Production","Wood fuel","1999","m3","15900"
"Forestry Production and Trade","Syrian Arab Republic","Production","Wood fuel","2000","m3","15900"
"Forestry Production and Trade","Syrian Arab Republic","Production","Wood fuel","2001","m3","15900"
"Forestry Production and Trade","Syrian Arab Republic","Production","Wood fuel","2002","m3","15900"
"Forestry Production and Trade","Syrian Arab Republic","Production","Wood fuel","2003","m3","18300"
"Forestry Production and Trade","Syrian Arab Republic","Production","Wood fuel","2004","m3","21619"
"Forestry Production and Trade","Syrian Arab Republic","Production","Wood fuel","2005","m3","22305"
"Forestry Production and Trade","Syrian Arab Republic","Production","Wood fuel","2006","m3","24547"
"Forestry Production and Trade","Syrian Arab Republic","Production","Wood fuel","2007","m3","25400"
"Forestry Production and Trade","Syrian Arab Republic","Production","Wood fuel","2008","m3","26300"
"Forestry Production and Trade","Syrian Arab Republic","Production","Wood fuel","2009","m3","27162"
"Forestry Production and Trade","Syrian Arab Republic","Production","Wood fuel","2010","m3","28093"
"Forestry Production and Trade","Syrian Arab Republic","Production","Wood fuel","2011","m3","28247"
"Forestry Production and Trade","Syrian Arab Republic","Production","Wood fuel","2012","m3","29808"
"Forestry Production and Trade","Syrian Arab Republic","Production","Wood fuel","2013","m3","30705"
"Forestry Production and Trade","Syrian Arab Republic","Production","Wood fuel","2014","m3","31628"
"Forestry Production and Trade","Syrian Arab Republic","Production","Wood fuel","2015","m3","32580"
"Forestry Production and Trade","Syrian Arab Republic","Production","Wood fuel","2016","m3","33299"
"Forestry Production and Trade","Syrian Arab Republic","Production","Wood fuel","2017","m3","34034"
"Forestry Production and Trade","Syrian Arab Republic","Production","Wood fuel","2018","m3","34785"
"Forestry Production and Trade","Syrian Arab Republic","Production","Wood fuel","2019","m3","35553"
"Forestry Production and Trade","Syrian Arab Republic","Production","Wood fuel","2020","m3","36338"
"Forestry Production and Trade","Syrian Arab Republic","Production","Wood fuel","2021","m3","37141"
"Forestry Production and Trade","Syrian Arab Republic","Production","Wood fuel","2022","m3","37960"
"Forestry Production and Trade","Syrian Arab Republic","Production","Wood fuel","2023","m3","38799"
"Forestry Production and Trade","Syrian Arab Republic","Production","Wood fuel","2024","m3","39655"
"Forestry Production and Trade","Syrian Arab Republic","Production","Wood fuel, coniferous","1966","m3","1800"
"Forestry Production and Trade","Syrian Arab Republic","Production","Wood fuel, coniferous","1967","m3","800"
"Forestry Production and Trade","Syrian Arab Republic","Production","Wood fuel, coniferous","1968","m3","5600"
"Forestry Production and Trade","Syrian Arab Republic","Production","Wood fuel, coniferous","1969","m3","1000"
"Forestry Production and Trade","Syrian Arab Republic","Production","Wood fuel, coniferous","1970","m3","2000"
"Forestry Production and Trade","Syrian Arab Republic","Production","Wood fuel, coniferous","1971","m3","1300"
"Forestry Production and Trade","Syrian Arab Republic","Production","Wood fuel, coniferous","1972","m3","2100"
"Forestry Production and Trade","Syrian Arab Republic","Production","Wood fuel, coniferous","1973","m3","11800"
"Forestry Production and Trade","Syrian Arab Republic","Production","Wood fuel, coniferous","1974","m3","3200"
"Forestry Production and Trade","Syrian Arab Republic","Production","Wood fuel, coniferous","1975","m3","7000"
"Forestry Production and Trade","Syrian Arab Republic","Production","Wood fuel, coniferous","1976","m3","200"
"Forestry Production and Trade","Syrian Arab Republic","Production","Wood fuel, coniferous","1977","m3","5100"
"Forestry Production and Trade","Syrian Arab Republic","Production","Wood fuel, coniferous","1978","m3","2700"
"Forestry Production and Trade","Syrian Arab Republic","Production","Wood fuel, coniferous","1979","m3","3100"
"Forestry Production and Trade","Syrian Arab Republic","Production","Wood fuel, coniferous","1980","m3","3100"
"Forestry Production and Trade","Syrian Arab Republic","Production","Wood fuel, coniferous","1981","m3","3100"
"Forestry Production and Trade","Syrian Arab Republic","Production","Wood fuel, coniferous","1982","m3","1600"
"Forestry Production and Trade","Syrian Arab Republic","Production","Wood fuel, coniferous","1983","m3","2600"
"Forestry Production and Trade","Syrian Arab Republic","Production","Wood fuel, coniferous","1984","m3","2600"
"Forestry Production and Trade","Syrian Arab Republic","Production","Wood fuel, coniferous","1985","m3","2600"
"Forestry Production and Trade","Syrian Arab Republic","Production","Wood fuel, coniferous","1986","m3","2600"
"Forestry Production and Trade","Syrian Arab Republic","Production","Wood fuel, coniferous","1987","m3","7400"
"Forestry Production and Trade","Syrian Arab Republic","Production","Wood fuel, coniferous","1988","m3","7000"
"Forestry Production and Trade","Syrian Arab Republic","Production","Wood fuel, coniferous","1989","m3","6400"
"Forestry Production and Trade","Syrian Arab Republic","Production","Wood fuel, coniferous","1990","m3","4000"
"Forestry Production and Trade","Syrian Arab Republic","Production","Wood fuel, coniferous","1991","m3","9600"
"Forestry Production and Trade","Syrian Arab Republic","Production","Wood fuel, coniferous","1992","m3","11200"
"Forestry Production and Trade","Syrian Arab Republic","Production","Wood fuel, coniferous","1993","m3","13000"
"Forestry Production and Trade","Syrian Arab Republic","Production","Wood fuel, coniferous","1994","m3","13000"
"Forestry Production and Trade","Syrian Arab Republic","Production","Wood fuel, coniferous","1995","m3","13000"
"Forestry Production and Trade","Syrian Arab Republic","Production","Wood fuel, coniferous","1996","m3","13000"
"Forestry Production and Trade","Syrian Arab Republic","Production","Wood fuel, coniferous","1997","m3","13000"
"Forestry Production and Trade","Syrian Arab Republic","Production","Wood fuel, coniferous","1998","m3","13000"
"Forestry Production and Trade","Syrian Arab Republic","Production","Wood fuel, coniferous","1999","m3","13000"
"Forestry Production and Trade","Syrian Arab Republic","Production","Wood fuel, coniferous","2000","m3","13000"
"Forestry Production and Trade","Syrian Arab Republic","Production","Wood fuel, coniferous","2001","m3","13000"
"Forestry Production and Trade","Syrian Arab Republic","Production","Wood fuel, coniferous","2002","m3","13000"
"Forestry Production and Trade","Syrian Arab Republic","Production","Wood fuel, coniferous","2003","m3","15400"
"Forestry Production and Trade","Syrian Arab Republic","Production","Wood fuel, coniferous","2004","m3","18719"
"Forestry Production and Trade","Syrian Arab Republic","Production","Wood fuel, coniferous","2005","m3","19405"
"Forestry Production and Trade","Syrian Arab Republic","Production","Wood fuel, coniferous","2006","m3","20070"
"Forestry Production and Trade","Syrian Arab Republic","Production","Wood fuel, coniferous","2007","m3","20800"
"Forestry Production and Trade","Syrian Arab Republic","Production","Wood fuel, coniferous","2008","m3","21500"
"Forestry Production and Trade","Syrian Arab Republic","Production","Wood fuel, coniferous","2009","m3","22208"
"Forestry Production and Trade","Syrian Arab Republic","Production","Wood fuel, coniferous","2010","m3","22969"
"Forestry Production and Trade","Syrian Arab Republic","Production","Wood fuel, coniferous","2011","m3","22969"
"Forestry Production and Trade","Syrian Arab Republic","Production","Wood fuel, coniferous","2012","m3","24372"
"Forestry Production and Trade","Syrian Arab Republic","Production","Wood fuel, coniferous","2013","m3","25105"
"Forestry Production and Trade","Syrian Arab Republic","Production","Wood fuel, coniferous","2014","m3","25860"
"Forestry Production and Trade","Syrian Arab Republic","Production","Wood fuel, coniferous","2015","m3","26638"
"Forestry Production and Trade","Syrian Arab Republic","Production","Wood fuel, coniferous","2016","m3","27226"
"Forestry Production and Trade","Syrian Arab Republic","Production","Wood fuel, coniferous","2017","m3","27827"
"Forestry Production and Trade","Syrian Arab Republic","Production","Wood fuel, coniferous","2018","m3","28441"
"Forestry Production and Trade","Syrian Arab Republic","Production","Wood fuel, coniferous","2019","m3","29069"
"Forestry Production and Trade","Syrian Arab Republic","Production","Wood fuel, coniferous","2020","m3","29711"
"Forestry Production and Trade","Syrian Arab Republic","Production","Wood fuel, coniferous","2021","m3","30367"
"Forestry Production and Trade","Syrian Arab Republic","Production","Wood fuel, coniferous","2022","m3","31037"
"Forestry Production and Trade","Syrian Arab Republic","Production","Wood fuel, coniferous","2023","m3","31723"
"Forestry Production and Trade","Syrian Arab Republic","Production","Wood fuel, coniferous","2024","m3","32423"
"Forestry Production and Trade","Syrian Arab Republic","Production","Wood fuel, non-coniferous","1961","m3","50000"
"Forestry Production and Trade","Syrian Arab Republic","Production","Wood fuel, non-coniferous","1962","m3","50000"
"Forestry Production and Trade","Syrian Arab Republic","Production","Wood fuel, non-coniferous","1963","m3","50000"
"Forestry Production and Trade","Syrian Arab Republic","Production","Wood fuel, non-coniferous","1964","m3","50000"
"Forestry Production and Trade","Syrian Arab Republic","Production","Wood fuel, non-coniferous","1965","m3","50000"
"Forestry Production and Trade","Syrian Arab Republic","Production","Wood fuel, non-coniferous","1966","m3","1500"
"Forestry Production and Trade","Syrian Arab Republic","Production","Wood fuel, non-coniferous","1967","m3","1000"
"Forestry Production and Trade","Syrian Arab Republic","Production","Wood fuel, non-coniferous","1968","m3","1000"
"Forestry Production and Trade","Syrian Arab Republic","Production","Wood fuel, non-coniferous","1969","m3","9700"
"Forestry Production and Trade","Syrian Arab Republic","Production","Wood fuel, non-coniferous","1970","m3","8000"
"Forestry Production and Trade","Syrian Arab Republic","Production","Wood fuel, non-coniferous","1971","m3","1700"
"Forestry Production and Trade","Syrian Arab Republic","Production","Wood fuel, non-coniferous","1972","m3","3200"
"Forestry Production and Trade","Syrian Arab Republic","Production","Wood fuel, non-coniferous","1973","m3","2400"
"Forestry Production and Trade","Syrian Arab Republic","Production","Wood fuel, non-coniferous","1974","m3","700"
"Forestry Production and Trade","Syrian Arab Republic","Production","Wood fuel, non-coniferous","1975","m3","1300"
"Forestry Production and Trade","Syrian Arab Republic","Production","Wood fuel, non-coniferous","1976","m3","1900"
"Forestry Production and Trade","Syrian Arab Republic","Production","Wood fuel, non-coniferous","1977","m3","2700"
"Forestry Production and Trade","Syrian Arab Republic","Production","Wood fuel, non-coniferous","1978","m3","1200"
"Forestry Production and Trade","Syrian Arab Republic","Production","Wood fuel, non-coniferous","1979","m3","9200"
"Forestry Production and Trade","Syrian Arab Republic","Production","Wood fuel, non-coniferous","1980","m3","9200"
"Forestry Production and Trade","Syrian Arab Republic","Production","Wood fuel, non-coniferous","1981","m3","9200"
"Forestry Production and Trade","Syrian Arab Republic","Production","Wood fuel, non-coniferous","1982","m3","8400"
"Forestry Production and Trade","Syrian Arab Republic","Production","Wood fuel, non-coniferous","1983","m3","8000"
"Forestry Production and Trade","Syrian Arab Republic","Production","Wood fuel, non-coniferous","1984","m3","8000"
"Forestry Production and Trade","Syrian Arab Republic","Production","Wood fuel, non-coniferous","1985","m3","8000"
"Forestry Production and Trade","Syrian Arab Republic","Production","Wood fuel, non-coniferous","1986","m3","8000"
"Forestry Production and Trade","Syrian Arab Republic","Production","Wood fuel, non-coniferous","1987","m3","3000"
"Forestry Production and Trade","Syrian Arab Republic","Production","Wood fuel, non-coniferous","1988","m3","3000"
"Forestry Production and Trade","Syrian Arab Republic","Production","Wood fuel, non-coniferous","1989","m3","4900"
"Forestry Production and Trade","Syrian Arab Republic","Production","Wood fuel, non-coniferous","1990","m3","4900"
"Forestry Production and Trade","Syrian Arab Republic","Production","Wood fuel, non-coniferous","1991","m3","8700"
"Forestry Production and Trade","Syrian Arab Republic","Production","Wood fuel, non-coniferous","1992","m3","9960"
"Forestry Production and Trade","Syrian Arab Republic","Production","Wood fuel, non-coniferous","1993","m3","2900"
"Forestry Production and Trade","Syrian Arab Republic","Production","Wood fuel, non-coniferous","1994","m3","2900"
"Forestry Production and Trade","Syrian Arab Republic","Production","Wood fuel, non-coniferous","1995","m3","2900"
"Forestry Production and Trade","Syrian Arab Republic","Production","Wood fuel, non-coniferous","1996","m3","2900"
"Forestry Production and Trade","Syrian Arab Republic","Production","Wood fuel, non-coniferous","1997","m3","2900"
"Forestry Production and Trade","Syrian Arab Republic","Production","Wood fuel, non-coniferous","1998","m3","2900"
"Forestry Production and Trade","Syrian Arab Republic","Production","Wood fuel, non-coniferous","1999","m3","2900"
"Forestry Production and Trade","Syrian Arab Republic","Production","Wood fuel, non-coniferous","2000","m3","2900"
"Forestry Production and Trade","Syrian Arab Republic","Production","Wood fuel, non-coniferous","2001","m3","2900"
"Forestry Production and Trade","Syrian Arab Republic","Production","Wood fuel, non-coniferous","2002","m3","2900"
"Forestry Production and Trade","Syrian Arab Republic","Production","Wood fuel, non-coniferous","2003","m3","2900"
"Forestry Production and Trade","Syrian Arab Republic","Production","Wood fuel, non-coniferous","2004","m3","2900"
"Forestry Production and Trade","Syrian Arab Republic","Production","Wood fuel, non-coniferous","2005","m3","2900"
"Forestry Production and Trade","Syrian Arab Republic","Production","Wood fuel, non-coniferous","2006","m3","4477"
"Forestry Production and Trade","Syrian Arab Republic","Production","Wood fuel, non-coniferous","2007","m3","4600"
"Forestry Production and Trade","Syrian Arab Republic","Production","Wood fuel, non-coniferous","2008","m3","4800"
"Forestry Production and Trade","Syrian Arab Republic","Production","Wood fuel, non-coniferous","2009","m3","4954"
"Forestry Production and Trade","Syrian Arab Republic","Production","Wood fuel, non-coniferous","2010","m3","5124"
"Forestry Production and Trade","Syrian Arab Republic","Production","Wood fuel, non-coniferous","2011","m3","5278"
"Forestry Production and Trade","Syrian Arab Republic","Production","Wood fuel, non-coniferous","2012","m3","5436"
"Forestry Production and Trade","Syrian Arab Republic","Production","Wood fuel, non-coniferous","2013","m3","5600"
"Forestry Production and Trade","Syrian Arab Republic","Production","Wood fuel, non-coniferous","2014","m3","5768"
"Forestry Production and Trade","Syrian Arab Republic","Production","Wood fuel, non-coniferous","2015","m3","5942"
"Forestry Production and Trade","Syrian Arab Republic","Production","Wood fuel, non-coniferous","2016","m3","6073"
"Forestry Production and Trade","Syrian Arab Republic","Production","Wood fuel, non-coniferous","2017","m3","6207"
"Forestry Production and Trade","Syrian Arab Republic","Production","Wood fuel, non-coniferous","2018","m3","6344"
"Forestry Production and Trade","Syrian Arab Republic","Production","Wood fuel, non-coniferous","2019","m3","6484"
"Forestry Production and Trade","Syrian Arab Republic","Production","Wood fuel, non-coniferous","2020","m3","6627"
"Forestry Production and Trade","Syrian Arab Republic","Production","Wood fuel, non-coniferous","2021","m3","6774"
"Forestry Production and Trade","Syrian Arab Republic","Production","Wood fuel, non-coniferous","2022","m3","6923"
"Forestry Production and Trade","Syrian Arab Republic","Production","Wood fuel, non-coniferous","2023","m3","7076"
"Forestry Production and Trade","Syrian Arab Republic","Production","Wood fuel, non-coniferous","2024","m3","7232"
"Forestry Production and Trade","Syrian Arab Republic","Production","Industrial roundwood","1961","m3","30000"
"Forestry Production and Trade","Syrian Arab Republic","Production","Industrial roundwood","1962","m3","30000"
"Forestry Production and Trade","Syrian Arab Republic","Production","Industrial roundwood","1963","m3","30000"
"Forestry Production and Trade","Syrian Arab Republic","Production","Industrial roundwood","1964","m3","30000"
"Forestry Production and Trade","Syrian Arab Republic","Production","Industrial roundwood","1965","m3","30000"
"Forestry Production and Trade","Syrian Arab Republic","Production","Industrial roundwood","1966","m3","30000"
"Forestry Production and Trade","Syrian Arab Republic","Production","Industrial roundwood","1967","m3","33000"
"Forestry Production and Trade","Syrian Arab Republic","Production","Industrial roundwood","1968","m3","39000"
"Forestry Production and Trade","Syrian Arab Republic","Production","Industrial roundwood","1969","m3","52000"
"Forestry Production and Trade","Syrian Arab Republic","Production","Industrial roundwood","1970","m3","62000"
"Forestry Production and Trade","Syrian Arab Republic","Production","Industrial roundwood","1971","m3","67000"
"Forestry Production and Trade","Syrian Arab Republic","Production","Industrial roundwood","1972","m3","38000"
"Forestry Production and Trade","Syrian Arab Republic","Production","Industrial roundwood","1973","m3","37000"
"Forestry Production and Trade","Syrian Arab Republic","Production","Industrial roundwood","1974","m3","37000"
"Forestry Production and Trade","Syrian Arab Republic","Production","Industrial roundwood","1975","m3","45000"
"Forestry Production and Trade","Syrian Arab Republic","Production","Industrial roundwood","1976","m3","34000"
"Forestry Production and Trade","Syrian Arab Republic","Production","Industrial roundwood","1977","m3","23400"
"Forestry Production and Trade","Syrian Arab Republic","Production","Industrial roundwood","1978","m3","15900"
"Forestry Production and Trade","Syrian Arab Republic","Production","Industrial roundwood","1979","m3","23800"
"Forestry Production and Trade","Syrian Arab Republic","Production","Industrial roundwood","1980","m3","24700"
"Forestry Production and Trade","Syrian Arab Republic","Production","Industrial roundwood","1981","m3","24700"
"Forestry Production and Trade","Syrian Arab Republic","Production","Industrial roundwood","1982","m3","22400"
"Forestry Production and Trade","Syrian Arab Republic","Production","Industrial roundwood","1983","m3","33500"
"Forestry Production and Trade","Syrian Arab Republic","Production","Industrial roundwood","1984","m3","33500"
"Forestry Production and Trade","Syrian Arab Republic","Production","Industrial roundwood","1985","m3","33500"
"Forestry Production and Trade","Syrian Arab Republic","Production","Industrial roundwood","1986","m3","33500"
"Forestry Production and Trade","Syrian Arab Republic","Production","Industrial roundwood","1987","m3","64200"
"Forestry Production and Trade","Syrian Arab Republic","Production","Industrial roundwood","1988","m3","64200"
"Forestry Production and Trade","Syrian Arab Republic","Production","Industrial roundwood","1989","m3","40550"
"Forestry Production and Trade","Syrian Arab Republic","Production","Industrial roundwood","1990","m3","40700"
"Forestry Production and Trade","Syrian Arab Republic","Production","Industrial roundwood","1991","m3","62500"
"Forestry Production and Trade","Syrian Arab Republic","Production","Industrial roundwood","1992","m3","56500"
"Forestry Production and Trade","Syrian Arab Republic","Production","Industrial roundwood","1993","m3","34500"
"Forestry Production and Trade","Syrian Arab Republic","Production","Industrial roundwood","1994","m3","34500"
"Forestry Production and Trade","Syrian Arab Republic","Production","Industrial roundwood","1995","m3","34500"
"Forestry Production and Trade","Syrian Arab Republic","Production","Industrial roundwood","1996","m3","34500"
"Forestry Production and Trade","Syrian Arab Republic","Production","Industrial roundwood","1997","m3","34500"
"Forestry Production and Trade","Syrian Arab Republic","Production","Industrial roundwood","1998","m3","34500"
"Forestry Production and Trade","Syrian Arab Republic","Production","Industrial roundwood","1999","m3","34500"
"Forestry Production and Trade","Syrian Arab Republic","Production","Industrial roundwood","2000","m3","34500"
"Forestry Production and Trade","Syrian Arab Republic","Production","Industrial roundwood","2001","m3","34500"
"Forestry Production and Trade","Syrian Arab Republic","Production","Industrial roundwood","2002","m3","34500"
"Forestry Production and Trade","Syrian Arab Republic","Production","Industrial roundwood","2003","m3","39800"
"Forestry Production and Trade","Syrian Arab Republic","Production","Industrial roundwood","2004","m3","39800"
"Forestry Production and Trade","Syrian Arab Republic","Production","Industrial roundwood","2005","m3","39800"
"Forestry Production and Trade","Syrian Arab Republic","Production","Industrial roundwood","2006","m3","39800"
"Forestry Production and Trade","Syrian Arab Republic","Production","Industrial roundwood","2007","m3","39800"
"Forestry Production and Trade","Syrian Arab Republic","Production","Industrial roundwood","2008","m3","39800"
"Forestry Production and Trade","Syrian Arab Republic","Production","Industrial roundwood","2009","m3","39800"
"Forestry Production and Trade","Syrian Arab Republic","Production","Industrial roundwood","2010","m3","39800"
"Forestry Production and Trade","Syrian Arab Republic","Production","Industrial roundwood","2011","m3","39800"
"Forestry Production and Trade","Syrian Arab Republic","Production","Industrial roundwood","2012","m3","39800"
"Forestry Production and Trade","Syrian Arab Republic","Production","Industrial roundwood","2013","m3","39800"
"Forestry Production and Trade","Syrian Arab Republic","Production","Industrial roundwood","2014","m3","39800"
"Forestry Production and Trade","Syrian Arab Republic","Production","Industrial roundwood","2015","m3","39800"
"Forestry Production and Trade","Syrian Arab Republic","Production","Industrial roundwood","2016","m3","39800"
"Forestry Production and Trade","Syrian Arab Republic","Production","Industrial roundwood","2017","m3","39800"
"Forestry Production and Trade","Syrian Arab Republic","Production","Industrial roundwood","2018","m3","39800"
"Forestry Production and Trade","Syrian Arab Republic","Production","Industrial roundwood","2019","m3","39800"
"Forestry Production and Trade","Syrian Arab Republic","Production","Industrial roundwood","2020","m3","39800"
"Forestry Production and Trade","Syrian Arab Republic","Production","Industrial roundwood","2021","m3","39800"
"Forestry Production and Trade","Syrian Arab Republic","Production","Industrial roundwood","2022","m3","39800"
"Forestry Production and Trade","Syrian Arab Republic","Production","Industrial roundwood","2023","m3","39800"
"Forestry Production and Trade","Syrian Arab Republic","Production","Industrial roundwood","2024","m3","39800"
"Forestry Production and Trade","Syrian Arab Republic","Production","Industrial roundwood, coniferous","1961","m3","2000"
"Forestry Production and Trade","Syrian Arab Republic","Production","Industrial roundwood, coniferous","1962","m3","2000"
"Forestry Production and Trade","Syrian Arab Republic","Production","Industrial roundwood, coniferous","1963","m3","2000"
"Forestry Production and Trade","Syrian Arab Republic","Production","Industrial roundwood, coniferous","1964","m3","2000"
"Forestry Production and Trade","Syrian Arab Republic","Production","Industrial roundwood, coniferous","1965","m3","2000"
"Forestry Production and Trade","Syrian Arab Republic","Production","Industrial roundwood, coniferous","1966","m3","2000"
"Forestry Production and Trade","Syrian Arab Republic","Production","Industrial roundwood, coniferous","1967","m3","2000"
"Forestry Production and Trade","Syrian Arab Republic","Production","Industrial roundwood, coniferous","1968","m3","2000"
"Forestry Production and Trade","Syrian Arab Republic","Production","Industrial roundwood, coniferous","1969","m3","2000"
"Forestry Production and Trade","Syrian Arab Republic","Production","Industrial roundwood, coniferous","1970","m3","2000"
"Forestry Production and Trade","Syrian Arab Republic","Production","Industrial roundwood, coniferous","1971","m3","2000"
"Forestry Production and Trade","Syrian Arab Republic","Production","Industrial roundwood, coniferous","1972","m3","2000"
"Forestry Production and Trade","Syrian Arab Republic","Production","Industrial roundwood, coniferous","1973","m3","2000"
"Forestry Production and Trade","Syrian Arab Republic","Production","Industrial roundwood, coniferous","1974","m3","2000"
"Forestry Production and Trade","Syrian Arab Republic","Production","Industrial roundwood, coniferous","1975","m3","4000"
"Forestry Production and Trade","Syrian Arab Republic","Production","Industrial roundwood, coniferous","1976","m3","7000"
"Forestry Production and Trade","Syrian Arab Republic","Production","Industrial roundwood, coniferous","1977","m3","5000"
"Forestry Production and Trade","Syrian Arab Republic","Production","Industrial roundwood, coniferous","1978","m3","5000"
"Forestry Production and Trade","Syrian Arab Republic","Production","Industrial roundwood, coniferous","1979","m3","1300"
"Forestry Production and Trade","Syrian Arab Republic","Production","Industrial roundwood, coniferous","1980","m3","4500"
"Forestry Production and Trade","Syrian Arab Republic","Production","Industrial roundwood, coniferous","1981","m3","4500"
"Forestry Production and Trade","Syrian Arab Republic","Production","Industrial roundwood, coniferous","1982","m3","3300"
"Forestry Production and Trade","Syrian Arab Republic","Production","Industrial roundwood, coniferous","1983","m3","8000"
"Forestry Production and Trade","Syrian Arab Republic","Production","Industrial roundwood, coniferous","1984","m3","10000"
"Forestry Production and Trade","Syrian Arab Republic","Production","Industrial roundwood, coniferous","1985","m3","10000"
"Forestry Production and Trade","Syrian Arab Republic","Production","Industrial roundwood, coniferous","1986","m3","12000"
"Forestry Production and Trade","Syrian Arab Republic","Production","Industrial roundwood, coniferous","1987","m3","38000"
"Forestry Production and Trade","Syrian Arab Republic","Production","Industrial roundwood, coniferous","1988","m3","38000"
"Forestry Production and Trade","Syrian Arab Republic","Production","Industrial roundwood, coniferous","1989","m3","21450"
"Forestry Production and Trade","Syrian Arab Republic","Production","Industrial roundwood, coniferous","1990","m3","20700"
"Forestry Production and Trade","Syrian Arab Republic","Production","Industrial roundwood, coniferous","1991","m3","23000"
"Forestry Production and Trade","Syrian Arab Republic","Production","Industrial roundwood, coniferous","1992","m3","19000"
"Forestry Production and Trade","Syrian Arab Republic","Production","Industrial roundwood, coniferous","1993","m3","12000"
"Forestry Production and Trade","Syrian Arab Republic","Production","Industrial roundwood, coniferous","1994","m3","12000"
"Forestry Production and Trade","Syrian Arab Republic","Production","Industrial roundwood, coniferous","1995","m3","12000"
"Forestry Production and Trade","Syrian Arab Republic","Production","Industrial roundwood, coniferous","1996","m3","12000"
"Forestry Production and Trade","Syrian Arab Republic","Production","Industrial roundwood, coniferous","1997","m3","12000"
"Forestry Production and Trade","Syrian Arab Republic","Production","Industrial roundwood, coniferous","1998","m3","12000"
"Forestry Production and Trade","Syrian Arab Republic","Production","Industrial roundwood, coniferous","1999","m3","12000"
"Forestry Production and Trade","Syrian Arab Republic","Production","Industrial roundwood, coniferous","2000","m3","12000"
"Forestry Production and Trade","Syrian Arab Republic","Production","Industrial roundwood, coniferous","2001","m3","12000"
"Forestry Production and Trade","Syrian Arab Republic","Production","Industrial roundwood, coniferous","2002","m3","12000"
"Forestry Production and Trade","Syrian Arab Republic","Production","Industrial roundwood, coniferous","2003","m3","12000"
"Forestry Production and Trade","Syrian Arab Republic","Production","Industrial roundwood, coniferous","2004","m3","12000"
"Forestry Production and Trade","Syrian Arab Republic","Production","Industrial roundwood, coniferous","2005","m3","12000"
"Forestry Production and Trade","Syrian Arab Republic","Production","Industrial roundwood, coniferous","2006","m3","12000"
"Forestry Production and Trade","Syrian Arab Republic","Production","Industrial roundwood, coniferous","2007","m3","12000"
"Forestry Production and Trade","Syrian Arab Republic","Production","Industrial roundwood, coniferous","2008","m3","12000"
"Forestry Production and Trade","Syrian Arab Republic","Production","Industrial roundwood, coniferous","2009","m3","12000"
"Forestry Production and Trade","Syrian Arab Republic","Production","Industrial roundwood, coniferous","2010","m3","12000"
"Forestry Production and Trade","Syrian Arab Republic","Production","Industrial roundwood, coniferous","2011","m3","12000"
"Forestry Production and Trade","Syrian Arab Republic","Production","Industrial roundwood, coniferous","2012","m3","12000"
"Forestry Production and Trade","Syrian Arab Republic","Production","Industrial roundwood, coniferous","2013","m3","12000"
"Forestry Production and Trade","Syrian Arab Republic","Production","Industrial roundwood, coniferous","2014","m3","12000"
"Forestry Production and Trade","Syrian Arab Republic","Production","Industrial roundwood, coniferous","2015","m3","12000"
"Forestry Production and Trade","Syrian Arab Republic","Production","Industrial roundwood, coniferous","2016","m3","12000"
"Forestry Production and Trade","Syrian Arab Republic","Production","Industrial roundwood, coniferous","2017","m3","12000"
"Forestry Production and Trade","Syrian Arab Republic","Production","Industrial roundwood, coniferous","2018","m3","12000"
"Forestry Production and Trade","Syrian Arab Republic","Production","Industrial roundwood, coniferous","2019","m3","12000"
"Forestry Production and Trade","Syrian Arab Republic","Production","Industrial roundwood, coniferous","2020","m3","12000"
"Forestry Production and Trade","Syrian Arab Republic","Production","Industrial roundwood, coniferous","2021","m3","12000"
"Forestry Production and Trade","Syrian Arab Republic","Production","Industrial roundwood, coniferous","2022","m3","12000"
"Forestry Production and Trade","Syrian Arab Republic","Production","Industrial roundwood, coniferous","2023","m3","12000"
"Forestry Production and Trade","Syrian Arab Republic","Production","Industrial roundwood, coniferous","2024","m3","12000"
"Forestry Production and Trade","Syrian Arab Republic","Production","Industrial roundwood, non-coniferous","1961","m3","28000"
"Forestry Production and Trade","Syrian Arab Republic","Production","Industrial roundwood, non-coniferous","1962","m3","28000"
"Forestry Production and Trade","Syrian Arab Republic","Production","Industrial roundwood, non-coniferous","1963","m3","28000"
"Forestry Production and Trade","Syrian Arab Republic","Production","Industrial roundwood, non-coniferous","1964","m3","28000"
"Forestry Production and Trade","Syrian Arab Republic","Production","Industrial roundwood, non-coniferous","1965","m3","28000"
"Forestry Production and Trade","Syrian Arab Republic","Production","Industrial roundwood, non-coniferous","1966","m3","28000"
"Forestry Production and Trade","Syrian Arab Republic","Production","Industrial roundwood, non-coniferous","1967","m3","31000"
"Forestry Production and Trade","Syrian Arab Republic","Production","Industrial roundwood, non-coniferous","1968","m3","37000"
"Forestry Production and Trade","Syrian Arab Republic","Production","Industrial roundwood, non-coniferous","1969","m3","50000"
"Forestry Production and Trade","Syrian Arab Republic","Production","Industrial roundwood, non-coniferous","1970","m3","60000"
"Forestry Production and Trade","Syrian Arab Republic","Production","Industrial roundwood, non-coniferous","1971","m3","65000"
"Forestry Production and Trade","Syrian Arab Republic","Production","Industrial roundwood, non-coniferous","1972","m3","36000"
"Forestry Production and Trade","Syrian Arab Republic","Production","Industrial roundwood, non-coniferous","1973","m3","35000"
"Forestry Production and Trade","Syrian Arab Republic","Production","Industrial roundwood, non-coniferous","1974","m3","35000"
"Forestry Production and Trade","Syrian Arab Republic","Production","Industrial roundwood, non-coniferous","1975","m3","41000"
"Forestry Production and Trade","Syrian Arab Republic","Production","Industrial roundwood, non-coniferous","1976","m3","27000"
"Forestry Production and Trade","Syrian Arab Republic","Production","Industrial roundwood, non-coniferous","1977","m3","18400"
"Forestry Production and Trade","Syrian Arab Republic","Production","Industrial roundwood, non-coniferous","1978","m3","10900"
"Forestry Production and Trade","Syrian Arab Republic","Production","Industrial roundwood, non-coniferous","1979","m3","22500"
"Forestry Production and Trade","Syrian Arab Republic","Production","Industrial roundwood, non-coniferous","1980","m3","20200"
"Forestry Production and Trade","Syrian Arab Republic","Production","Industrial roundwood, non-coniferous","1981","m3","20200"
"Forestry Production and Trade","Syrian Arab Republic","Production","Industrial roundwood, non-coniferous","1982","m3","19100"
"Forestry Production and Trade","Syrian Arab Republic","Production","Industrial roundwood, non-coniferous","1983","m3","25500"
"Forestry Production and Trade","Syrian Arab Republic","Production","Industrial roundwood, non-coniferous","1984","m3","23500"
"Forestry Production and Trade","Syrian Arab Republic","Production","Industrial roundwood, non-coniferous","1985","m3","23500"
"Forestry Production and Trade","Syrian Arab Republic","Production","Industrial roundwood, non-coniferous","1986","m3","21500"
"Forestry Production and Trade","Syrian Arab Republic","Production","Industrial roundwood, non-coniferous","1987","m3","26200"
"Forestry Production and Trade","Syrian Arab Republic","Production","Industrial roundwood, non-coniferous","1988","m3","26200"
"Forestry Production and Trade","Syrian Arab Republic","Production","Industrial roundwood, non-coniferous","1989","m3","19100"
"Forestry Production and Trade","Syrian Arab Republic","Production","Industrial roundwood, non-coniferous","1990","m3","20000"
"Forestry Production and Trade","Syrian Arab Republic","Production","Industrial roundwood, non-coniferous","1991","m3","39500"
"Forestry Production and Trade","Syrian Arab Republic","Production","Industrial roundwood, non-coniferous","1992","m3","37500"
"Forestry Production and Trade","Syrian Arab Republic","Production","Industrial roundwood, non-coniferous","1993","m3","22500"
"Forestry Production and Trade","Syrian Arab Republic","Production","Industrial roundwood, non-coniferous","1994","m3","22500"
"Forestry Production and Trade","Syrian Arab Republic","Production","Industrial roundwood, non-coniferous","1995","m3","22500"
"Forestry Production and Trade","Syrian Arab Republic","Production","Industrial roundwood, non-coniferous","1996","m3","22500"
"Forestry Production and Trade","Syrian Arab Republic","Production","Industrial roundwood, non-coniferous","1997","m3","22500"
"Forestry Production and Trade","Syrian Arab Republic","Production","Industrial roundwood, non-coniferous","1998","m3","22500"
"Forestry Production and Trade","Syrian Arab Republic","Production","Industrial roundwood, non-coniferous","1999","m3","22500"
"Forestry Production and Trade","Syrian Arab Republic","Production","Industrial roundwood, non-coniferous","2000","m3","22500"
"Forestry Production and Trade","Syrian Arab Republic","Production","Industrial roundwood, non-coniferous","2001","m3","22500"
"Forestry Production and Trade","Syrian Arab Republic","Production","Industrial roundwood, non-coniferous","2002","m3","22500"
"Forestry Production and Trade","Syrian Arab Republic","Production","Industrial roundwood, non-coniferous","2003","m3","27800"
"Forestry Production and Trade","Syrian Arab Republic","Production","Industrial roundwood, non-coniferous","2004","m3","27800"
"Forestry Production and Trade","Syrian Arab Republic","Production","Industrial roundwood, non-coniferous","2005","m3","27800"
"Forestry Production and Trade","Syrian Arab Republic","Production","Industrial roundwood, non-coniferous","2006","m3","27800"
"Forestry Production and Trade","Syrian Arab Republic","Production","Industrial roundwood, non-coniferous","2007","m3","27800"
"Forestry Production and Trade","Syrian Arab Republic","Production","Industrial roundwood, non-coniferous","2008","m3","27800"
"Forestry Production and Trade","Syrian Arab Republic","Production","Industrial roundwood, non-coniferous","2009","m3","27800"
"Forestry Production and Trade","Syrian Arab Republic","Production","Industrial roundwood, non-coniferous","2010","m3","27800"
"Forestry Production and Trade","Syrian Arab Republic","Production","Industrial roundwood, non-coniferous","2011","m3","27800"
"Forestry Production and Trade","Syrian Arab Republic","Production","Industrial roundwood, non-coniferous","2012","m3","27800"
"Forestry Production and Trade","Syrian Arab Republic","Production","Industrial roundwood, non-coniferous","2013","m3","27800"
"Forestry Production and Trade","Syrian Arab Republic","Production","Industrial roundwood, non-coniferous","2014","m3","27800"
"Forestry Production and Trade","Syrian Arab Republic","Production","Industrial roundwood, non-coniferous","2015","m3","27800"
"Forestry Production and Trade","Syrian Arab Republic","Production","Industrial roundwood, non-coniferous","2016","m3","27800"
"Forestry Production and Trade","Syrian Arab Republic","Production","Industrial roundwood, non-coniferous","2017","m3","27800"
"Forestry Production and Trade","Syrian Arab Republic","Production","Industrial roundwood, non-coniferous","2018","m3","27800"
"Forestry Production and Trade","Syrian Arab Republic","Production","Industrial roundwood, non-coniferous","2019","m3","27800"
"Forestry Production and Trade","Syrian Arab Republic","Production","Industrial roundwood, non-coniferous","2020","m3","27800"
"Forestry Production and Trade","Syrian Arab Republic","Production","Industrial roundwood, non-coniferous","2021","m3","27800"
"Forestry Production and Trade","Syrian Arab Republic","Production","Industrial roundwood, non-coniferous","2022","m3","27800"
"Forestry Production and Trade","Syrian Arab Republic","Production","Industrial roundwood, non-coniferous","2023","m3","27800"
"Forestry Production and Trade","Syrian Arab Republic","Production","Industrial roundwood, non-coniferous","2024","m3","27800"
"Forestry Production and Trade","Syrian Arab Republic","Production","Sawlogs and veneer logs","1961","m3","10000"
"Forestry Production and Trade","Syrian Arab Republic","Production","Sawlogs and veneer logs","1962","m3","10000"
"Forestry Production and Trade","Syrian Arab Republic","Production","Sawlogs and veneer logs","1963","m3","10000"
"Forestry Production and Trade","Syrian Arab Republic","Production","Sawlogs and veneer logs","1964","m3","10000"
"Forestry Production and Trade","Syrian Arab Republic","Production","Sawlogs and veneer logs","1965","m3","10000"
"Forestry Production and Trade","Syrian Arab Republic","Production","Sawlogs and veneer logs","1966","m3","10000"
"Forestry Production and Trade","Syrian Arab Republic","Production","Sawlogs and veneer logs","1967","m3","10000"
"Forestry Production and Trade","Syrian Arab Republic","Production","Sawlogs and veneer logs","1968","m3","10000"
"Forestry Production and Trade","Syrian Arab Republic","Production","Sawlogs and veneer logs","1969","m3","10000"
"Forestry Production and Trade","Syrian Arab Republic","Production","Sawlogs and veneer logs","1970","m3","10000"
"Forestry Production and Trade","Syrian Arab Republic","Production","Sawlogs and veneer logs","1971","m3","10000"
"Forestry Production and Trade","Syrian Arab Republic","Production","Sawlogs and veneer logs","1972","m3","8000"
"Forestry Production and Trade","Syrian Arab Republic","Production","Sawlogs and veneer logs","1973","m3","7000"
"Forestry Production and Trade","Syrian Arab Republic","Production","Sawlogs and veneer logs","1974","m3","11000"
"Forestry Production and Trade","Syrian Arab Republic","Production","Sawlogs and veneer logs","1975","m3","8000"
"Forestry Production and Trade","Syrian Arab Republic","Production","Sawlogs and veneer logs","1976","m3","9000"
"Forestry Production and Trade","Syrian Arab Republic","Production","Sawlogs and veneer logs","1977","m3","6400"
"Forestry Production and Trade","Syrian Arab Republic","Production","Sawlogs and veneer logs","1978","m3","6200"
"Forestry Production and Trade","Syrian Arab Republic","Production","Sawlogs and veneer logs","1979","m3","5300"
"Forestry Production and Trade","Syrian Arab Republic","Production","Sawlogs and veneer logs","1980","m3","6200"
"Forestry Production and Trade","Syrian Arab Republic","Production","Sawlogs and veneer logs","1981","m3","6200"
"Forestry Production and Trade","Syrian Arab Republic","Production","Sawlogs and veneer logs","1982","m3","3900"
"Forestry Production and Trade","Syrian Arab Republic","Production","Sawlogs and veneer logs","1983","m3","15000"
"Forestry Production and Trade","Syrian Arab Republic","Production","Sawlogs and veneer logs","1984","m3","15000"
"Forestry Production and Trade","Syrian Arab Republic","Production","Sawlogs and veneer logs","1985","m3","15000"
"Forestry Production and Trade","Syrian Arab Republic","Production","Sawlogs and veneer logs","1986","m3","15000"
"Forestry Production and Trade","Syrian Arab Republic","Production","Sawlogs and veneer logs","1987","m3","45700"
"Forestry Production and Trade","Syrian Arab Republic","Production","Sawlogs and veneer logs","1988","m3","45700"
"Forestry Production and Trade","Syrian Arab Republic","Production","Sawlogs and veneer logs","1989","m3","22050"
"Forestry Production and Trade","Syrian Arab Republic","Production","Sawlogs and veneer logs","1990","m3","22200"
"Forestry Production and Trade","Syrian Arab Republic","Production","Sawlogs and veneer logs","1991","m3","44000"
"Forestry Production and Trade","Syrian Arab Republic","Production","Sawlogs and veneer logs","1992","m3","38000"
"Forestry Production and Trade","Syrian Arab Republic","Production","Sawlogs and veneer logs","1993","m3","16000"
"Forestry Production and Trade","Syrian Arab Republic","Production","Sawlogs and veneer logs","1994","m3","16000"
"Forestry Production and Trade","Syrian Arab Republic","Production","Sawlogs and veneer logs","1995","m3","16000"
"Forestry Production and Trade","Syrian Arab Republic","Production","Sawlogs and veneer logs","1996","m3","16000"
"Forestry Production and Trade","Syrian Arab Republic","Production","Sawlogs and veneer logs","1997","m3","16000"
"Forestry Production and Trade","Syrian Arab Republic","Production","Sawlogs and veneer logs","1998","m3","16000"
"Forestry Production and Trade","Syrian Arab Republic","Production","Sawlogs and veneer logs","1999","m3","16000"
"Forestry Production and Trade","Syrian Arab Republic","Production","Sawlogs and veneer logs","2000","m3","16000"
"Forestry Production and Trade","Syrian Arab Republic","Production","Sawlogs and veneer logs","2001","m3","16000"
"Forestry Production and Trade","Syrian Arab Republic","Production","Sawlogs and veneer logs","2002","m3","16000"
"Forestry Production and Trade","Syrian Arab Republic","Production","Sawlogs and veneer logs","2003","m3","16000"
"Forestry Production and Trade","Syrian Arab Republic","Production","Sawlogs and veneer logs","2004","m3","16000"
"Forestry Production and Trade","Syrian Arab Republic","Production","Sawlogs and veneer logs","2005","m3","16000"
"Forestry Production and Trade","Syrian Arab Republic","Production","Sawlogs and veneer logs","2006","m3","16000"
"Forestry Production and Trade","Syrian Arab Republic","Production","Sawlogs and veneer logs","2007","m3","16000"
"Forestry Production and Trade","Syrian Arab Republic","Production","Sawlogs and veneer logs","2008","m3","16000"
"Forestry Production and Trade","Syrian Arab Republic","Production","Sawlogs and veneer logs","2009","m3","16000"
"Forestry Production and Trade","Syrian Arab Republic","Production","Sawlogs and veneer logs","2010","m3","16000"
"Forestry Production and Trade","Syrian Arab Republic","Production","Sawlogs and veneer logs","2011","m3","16000"
"Forestry Production and Trade","Syrian Arab Republic","Production","Sawlogs and veneer logs","2012","m3","16000"
"Forestry Production and Trade","Syrian Arab Republic","Production","Sawlogs and veneer logs","2013","m3","16000"
"Forestry Production and Trade","Syrian Arab Republic","Production","Sawlogs and veneer logs","2014","m3","16000"
"Forestry Production and Trade","Syrian Arab Republic","Production","Sawlogs and veneer logs","2015","m3","16000"
"Forestry Production and Trade","Syrian Arab Republic","Production","Sawlogs and veneer logs","2016","m3","16000"
"Forestry Production and Trade","Syrian Arab Republic","Production","Sawlogs and veneer logs","2017","m3","16000"
"Forestry Production and Trade","Syrian Arab Republic","Production","Sawlogs and veneer logs","2018","m3","16000"
"Forestry Production and Trade","Syrian Arab Republic","Production","Sawlogs and veneer logs","2019","m3","16000"
"Forestry Production and Trade","Syrian Arab Republic","Production","Sawlogs and veneer logs","2020","m3","16000"
"Forestry Production and Trade","Syrian Arab Republic","Production","Sawlogs and veneer logs","2021","m3","16000"
"Forestry Production and Trade","Syrian Arab Republic","Production","Sawlogs and veneer logs","2022","m3","16000"
"Forestry Production and Trade","Syrian Arab Republic","Production","Sawlogs and veneer logs","2023","m3","16000"
"Forestry Production and Trade","Syrian Arab Republic","Production","Sawlogs and veneer logs","2024","m3","16000"
"Forestry Production and Trade","Syrian Arab Republic","Production","Sawlogs and veneer logs, coniferous","1961","m3","2000"
"Forestry Production and Trade","Syrian Arab Republic","Production","Sawlogs and veneer logs, coniferous","1962","m3","2000"
"Forestry Production and Trade","Syrian Arab Republic","Production","Sawlogs and veneer logs, coniferous","1963","m3","2000"
"Forestry Production and Trade","Syrian Arab Republic","Production","Sawlogs and veneer logs, coniferous","1964","m3","2000"
"Forestry Production and Trade","Syrian Arab Republic","Production","Sawlogs and veneer logs, coniferous","1965","m3","2000"
"Forestry Production and Trade","Syrian Arab Republic","Production","Sawlogs and veneer logs, coniferous","1966","m3","2000"
"Forestry Production and Trade","Syrian Arab Republic","Production","Sawlogs and veneer logs, coniferous","1967","m3","2000"
"Forestry Production and Trade","Syrian Arab Republic","Production","Sawlogs and veneer logs, coniferous","1968","m3","2000"
"Forestry Production and Trade","Syrian Arab Republic","Production","Sawlogs and veneer logs, coniferous","1969","m3","2000"
"Forestry Production and Trade","Syrian Arab Republic","Production","Sawlogs and veneer logs, coniferous","1970","m3","2000"
"Forestry Production and Trade","Syrian Arab Republic","Production","Sawlogs and veneer logs, coniferous","1971","m3","2000"
"Forestry Production and Trade","Syrian Arab Republic","Production","Sawlogs and veneer logs, coniferous","1972","m3","2000"
"Forestry Production and Trade","Syrian Arab Republic","Production","Sawlogs and veneer logs, coniferous","1973","m3","2000"
"Forestry Production and Trade","Syrian Arab Republic","Production","Sawlogs and veneer logs, coniferous","1974","m3","2000"
"Forestry Production and Trade","Syrian Arab Republic","Production","Sawlogs and veneer logs, coniferous","1975","m3","4000"
"Forestry Production and Trade","Syrian Arab Republic","Production","Sawlogs and veneer logs, coniferous","1976","m3","7000"
"Forestry Production and Trade","Syrian Arab Republic","Production","Sawlogs and veneer logs, coniferous","1977","m3","5000"
"Forestry Production and Trade","Syrian Arab Republic","Production","Sawlogs and veneer logs, coniferous","1978","m3","5000"
"Forestry Production and Trade","Syrian Arab Republic","Production","Sawlogs and veneer logs, coniferous","1979","m3","1300"
"Forestry Production and Trade","Syrian Arab Republic","Production","Sawlogs and veneer logs, coniferous","1980","m3","4500"
"Forestry Production and Trade","Syrian Arab Republic","Production","Sawlogs and veneer logs, coniferous","1981","m3","4500"
"Forestry Production and Trade","Syrian Arab Republic","Production","Sawlogs and veneer logs, coniferous","1982","m3","3300"
"Forestry Production and Trade","Syrian Arab Republic","Production","Sawlogs and veneer logs, coniferous","1983","m3","8000"
"Forestry Production and Trade","Syrian Arab Republic","Production","Sawlogs and veneer logs, coniferous","1984","m3","10000"
"Forestry Production and Trade","Syrian Arab Republic","Production","Sawlogs and veneer logs, coniferous","1985","m3","10000"
"Forestry Production and Trade","Syrian Arab Republic","Production","Sawlogs and veneer logs, coniferous","1986","m3","12000"
"Forestry Production and Trade","Syrian Arab Republic","Production","Sawlogs and veneer logs, coniferous","1987","m3","38000"
"Forestry Production and Trade","Syrian Arab Republic","Production","Sawlogs and veneer logs, coniferous","1988","m3","38000"
"Forestry Production and Trade","Syrian Arab Republic","Production","Sawlogs and veneer logs, coniferous","1989","m3","21450"
"Forestry Production and Trade","Syrian Arab Republic","Production","Sawlogs and veneer logs, coniferous","1990","m3","20700"
"Forestry Production and Trade","Syrian Arab Republic","Production","Sawlogs and veneer logs, coniferous","1991","m3","23000"
"Forestry Production and Trade","Syrian Arab Republic","Production","Sawlogs and veneer logs, coniferous","1992","m3","19000"
"Forestry Production and Trade","Syrian Arab Republic","Production","Sawlogs and veneer logs, coniferous","1993","m3","12000"
"Forestry Production and Trade","Syrian Arab Republic","Production","Sawlogs and veneer logs, coniferous","1994","m3","12000"
"Forestry Production and Trade","Syrian Arab Republic","Production","Sawlogs and veneer logs, coniferous","1995","m3","12000"
"Forestry Production and Trade","Syrian Arab Republic","Production","Sawlogs and veneer logs, coniferous","1996","m3","12000"
"Forestry Production and Trade","Syrian Arab Republic","Production","Sawlogs and veneer logs, coniferous","1997","m3","12000"
"Forestry Production and Trade","Syrian Arab Republic","Production","Sawlogs and veneer logs, coniferous","1998","m3","12000"
"Forestry Production and Trade","Syrian Arab Republic","Production","Sawlogs and veneer logs, coniferous","1999","m3","12000"
"Forestry Production and Trade","Syrian Arab Republic","Production","Sawlogs and veneer logs, coniferous","2000","m3","12000"
"Forestry Production and Trade","Syrian Arab Republic","Production","Sawlogs and veneer logs, coniferous","2001","m3","12000"
"Forestry Production and Trade","Syrian Arab Republic","Production","Sawlogs and veneer logs, coniferous","2002","m3","12000"
"Forestry Production and Trade","Syrian Arab Republic","Production","Sawlogs and veneer logs, coniferous","2003","m3","12000"
"Forestry Production and Trade","Syrian Arab Republic","Production","Sawlogs and veneer logs, coniferous","2004","m3","12000"
"Forestry Production and Trade","Syrian Arab Republic","Production","Sawlogs and veneer logs, coniferous","2005","m3","12000"
"Forestry Production and Trade","Syrian Arab Republic","Production","Sawlogs and veneer logs, coniferous","2006","m3","12000"
"Forestry Production and Trade","Syrian Arab Republic","Production","Sawlogs and veneer logs, coniferous","2007","m3","12000"
"Forestry Production and Trade","Syrian Arab Republic","Production","Sawlogs and veneer logs, coniferous","2008","m3","12000"
"Forestry Production and Trade","Syrian Arab Republic","Production","Sawlogs and veneer logs, coniferous","2009","m3","12000"
"Forestry Production and Trade","Syrian Arab Republic","Production","Sawlogs and veneer logs, coniferous","2010","m3","12000"
"Forestry Production and Trade","Syrian Arab Republic","Production","Sawlogs and veneer logs, coniferous","2011","m3","12000"
"Forestry Production and Trade","Syrian Arab Republic","Production","Sawlogs and veneer logs, coniferous","2012","m3","12000"
"Forestry Production and Trade","Syrian Arab Republic","Production","Sawlogs and veneer logs, coniferous","2013","m3","12000"
"Forestry Production and Trade","Syrian Arab Republic","Production","Sawlogs and veneer logs, coniferous","2014","m3","12000"
"Forestry Production and Trade","Syrian Arab Republic","Production","Sawlogs and veneer logs, coniferous","2015","m3","12000"
"Forestry Production and Trade","Syrian Arab Republic","Production","Sawlogs and veneer logs, coniferous","2016","m3","12000"
"Forestry Production and Trade","Syrian Arab Republic","Production","Sawlogs and veneer logs, coniferous","2017","m3","12000"
"Forestry Production and Trade","Syrian Arab Republic","Production","Sawlogs and veneer logs, coniferous","2018","m3","12000"
"Forestry Production and Trade","Syrian Arab Republic","Production","Sawlogs and veneer logs, coniferous","2019","m3","12000"
"Forestry Production and Trade","Syrian Arab Republic","Production","Sawlogs and veneer logs, coniferous","2020","m3","12000"
"Forestry Production and Trade","Syrian Arab Republic","Production","Sawlogs and veneer logs, coniferous","2021","m3","12000"
"Forestry Production and Trade","Syrian Arab Republic","Production","Sawlogs and veneer logs, coniferous","2022","m3","12000"
"Forestry Production and Trade","Syrian Arab Republic","Production","Sawlogs and veneer logs, coniferous","2023","m3","12000"
"Forestry Production and Trade","Syrian Arab Republic","Production","Sawlogs and veneer logs, coniferous","2024","m3","12000"
"Forestry Production and Trade","Syrian Arab Republic","Production","Sawlogs and veneer logs, non-coniferous","1961","m3","8000"
"Forestry Production and Trade","Syrian Arab Republic","Production","Sawlogs and veneer logs, non-coniferous","1962","m3","8000"
"Forestry Production and Trade","Syrian Arab Republic","Production","Sawlogs and veneer logs, non-coniferous","1963","m3","8000"
"Forestry Production and Trade","Syrian Arab Republic","Production","Sawlogs and veneer logs, non-coniferous","1964","m3","8000"
"Forestry Production and Trade","Syrian Arab Republic","Production","Sawlogs and veneer logs, non-coniferous","1965","m3","8000"
"Forestry Production and Trade","Syrian Arab Republic","Production","Sawlogs and veneer logs, non-coniferous","1966","m3","8000"
"Forestry Production and Trade","Syrian Arab Republic","Production","Sawlogs and veneer logs, non-coniferous","1967","m3","8000"
"Forestry Production and Trade","Syrian Arab Republic","Production","Sawlogs and veneer logs, non-coniferous","1968","m3","8000"
"Forestry Production and Trade","Syrian Arab Republic","Production","Sawlogs and veneer logs, non-coniferous","1969","m3","8000"
"Forestry Production and Trade","Syrian Arab Republic","Production","Sawlogs and veneer logs, non-coniferous","1970","m3","8000"
"Forestry Production and Trade","Syrian Arab Republic","Production","Sawlogs and veneer logs, non-coniferous","1971","m3","8000"
"Forestry Production and Trade","Syrian Arab Republic","Production","Sawlogs and veneer logs, non-coniferous","1972","m3","6000"
"Forestry Production and Trade","Syrian Arab Republic","Production","Sawlogs and veneer logs, non-coniferous","1973","m3","5000"
"Forestry Production and Trade","Syrian Arab Republic","Production","Sawlogs and veneer logs, non-coniferous","1974","m3","9000"
"Forestry Production and Trade","Syrian Arab Republic","Production","Sawlogs and veneer logs, non-coniferous","1975","m3","4000"
"Forestry Production and Trade","Syrian Arab Republic","Production","Sawlogs and veneer logs, non-coniferous","1976","m3","2000"
"Forestry Production and Trade","Syrian Arab Republic","Production","Sawlogs and veneer logs, non-coniferous","1977","m3","1400"
"Forestry Production and Trade","Syrian Arab Republic","Production","Sawlogs and veneer logs, non-coniferous","1978","m3","1200"
"Forestry Production and Trade","Syrian Arab Republic","Production","Sawlogs and veneer logs, non-coniferous","1979","m3","4000"
"Forestry Production and Trade","Syrian Arab Republic","Production","Sawlogs and veneer logs, non-coniferous","1980","m3","1700"
"Forestry Production and Trade","Syrian Arab Republic","Production","Sawlogs and veneer logs, non-coniferous","1981","m3","1700"
"Forestry Production and Trade","Syrian Arab Republic","Production","Sawlogs and veneer logs, non-coniferous","1982","m3","600"
"Forestry Production and Trade","Syrian Arab Republic","Production","Sawlogs and veneer logs, non-coniferous","1983","m3","7000"
"Forestry Production and Trade","Syrian Arab Republic","Production","Sawlogs and veneer logs, non-coniferous","1984","m3","5000"
"Forestry Production and Trade","Syrian Arab Republic","Production","Sawlogs and veneer logs, non-coniferous","1985","m3","5000"
"Forestry Production and Trade","Syrian Arab Republic","Production","Sawlogs and veneer logs, non-coniferous","1986","m3","3000"
"Forestry Production and Trade","Syrian Arab Republic","Production","Sawlogs and veneer logs, non-coniferous","1987","m3","7700"
"Forestry Production and Trade","Syrian Arab Republic","Production","Sawlogs and veneer logs, non-coniferous","1988","m3","7700"
"Forestry Production and Trade","Syrian Arab Republic","Production","Sawlogs and veneer logs, non-coniferous","1989","m3","600"
"Forestry Production and Trade","Syrian Arab Republic","Production","Sawlogs and veneer logs, non-coniferous","1990","m3","1500"
"Forestry Production and Trade","Syrian Arab Republic","Production","Sawlogs and veneer logs, non-coniferous","1991","m3","21000"
"Forestry Production and Trade","Syrian Arab Republic","Production","Sawlogs and veneer logs, non-coniferous","1992","m3","19000"
"Forestry Production and Trade","Syrian Arab Republic","Production","Sawlogs and veneer logs, non-coniferous","1993","m3","4000"
"Forestry Production and Trade","Syrian Arab Republic","Production","Sawlogs and veneer logs, non-coniferous","1994","m3","4000"
"Forestry Production and Trade","Syrian Arab Republic","Production","Sawlogs and veneer logs, non-coniferous","1995","m3","4000"
"Forestry Production and Trade","Syrian Arab Republic","Production","Sawlogs and veneer logs, non-coniferous","1996","m3","4000"
"Forestry Production and Trade","Syrian Arab Republic","Production","Sawlogs and veneer logs, non-coniferous","1997","m3","4000"
"Forestry Production and Trade","Syrian Arab Republic","Production","Sawlogs and veneer logs, non-coniferous","1998","m3","4000"
"Forestry Production and Trade","Syrian Arab Republic","Production","Sawlogs and veneer logs, non-coniferous","1999","m3","4000"
"Forestry Production and Trade","Syrian Arab Republic","Production","Sawlogs and veneer logs, non-coniferous","2000","m3","4000"
"Forestry Production and Trade","Syrian Arab Republic","Production","Sawlogs and veneer logs, non-coniferous","2001","m3","4000"
"Forestry Production and Trade","Syrian Arab Republic","Production","Sawlogs and veneer logs, non-coniferous","2002","m3","4000"
"Forestry Production and Trade","Syrian Arab Republic","Production","Sawlogs and veneer logs, non-coniferous","2003","m3","4000"
"Forestry Production and Trade","Syrian Arab Republic","Production","Sawlogs and veneer logs, non-coniferous","2004","m3","4000"
"Forestry Production and Trade","Syrian Arab Republic","Production","Sawlogs and veneer logs, non-coniferous","2005","m3","4000"
"Forestry Production and Trade","Syrian Arab Republic","Production","Sawlogs and veneer logs, non-coniferous","2006","m3","4000"
"Forestry Production and Trade","Syrian Arab Republic","Production","Sawlogs and veneer logs, non-coniferous","2007","m3","4000"
"Forestry Production and Trade","Syrian Arab Republic","Production","Sawlogs and veneer logs, non-coniferous","2008","m3","4000"
"Forestry Production and Trade","Syrian Arab Republic","Production","Sawlogs and veneer logs, non-coniferous","2009","m3","4000"
"Forestry Production and Trade","Syrian Arab Republic","Production","Sawlogs and veneer logs, non-coniferous","2010","m3","4000"
"Forestry Production and Trade","Syrian Arab Republic","Production","Sawlogs and veneer logs, non-coniferous","2011","m3","4000"
"Forestry Production and Trade","Syrian Arab Republic","Production","Sawlogs and veneer logs, non-coniferous","2012","m3","4000"
"Forestry Production and Trade","Syrian Arab Republic","Production","Sawlogs and veneer logs, non-coniferous","2013","m3","4000"
"Forestry Production and Trade","Syrian Arab Republic","Production","Sawlogs and veneer logs, non-coniferous","2014","m3","4000"
"Forestry Production and Trade","Syrian Arab Republic","Production","Sawlogs and veneer logs, non-coniferous","2015","m3","4000"
"Forestry Production and Trade","Syrian Arab Republic","Production","Sawlogs and veneer logs, non-coniferous","2016","m3","4000"
"Forestry Production and Trade","Syrian Arab Republic","Production","Sawlogs and veneer logs, non-coniferous","2017","m3","4000"
"Forestry Production and Trade","Syrian Arab Republic","Production","Sawlogs and veneer logs, non-coniferous","2018","m3","4000"
"Forestry Production and Trade","Syrian Arab Republic","Production","Sawlogs and veneer logs, non-coniferous","2019","m3","4000"
"Forestry Production and Trade","Syrian Arab Republic","Production","Sawlogs and veneer logs, non-coniferous","2020","m3","4000"
"Forestry Production and Trade","Syrian Arab Republic","Production","Sawlogs and veneer logs, non-coniferous","2021","m3","4000"
"Forestry Production and Trade","Syrian Arab Republic","Production","Sawlogs and veneer logs, non-coniferous","2022","m3","4000"
"Forestry Production and Trade","Syrian Arab Republic","Production","Sawlogs and veneer logs, non-coniferous","2023","m3","4000"
"Forestry Production and Trade","Syrian Arab Republic","Production","Sawlogs and veneer logs, non-coniferous","2024","m3","4000"
"Forestry Production and Trade","Syrian Arab Republic","Production","Other industrial roundwood","1961","m3","20000"
"Forestry Production and Trade","Syrian Arab Republic","Production","Other industrial roundwood","1962","m3","20000"
"Forestry Production and Trade","Syrian Arab Republic","Production","Other industrial roundwood","1963","m3","20000"
"Forestry Production and Trade","Syrian Arab Republic","Production","Other industrial roundwood","1964","m3","20000"
"Forestry Production and Trade","Syrian Arab Republic","Production","Other industrial roundwood","1965","m3","20000"
"Forestry Production and Trade","Syrian Arab Republic","Production","Other industrial roundwood","1966","m3","20000"
"Forestry Production and Trade","Syrian Arab Republic","Production","Other industrial roundwood","1967","m3","23000"
"Forestry Production and Trade","Syrian Arab Republic","Production","Other industrial roundwood","1968","m3","29000"
"Forestry Production and Trade","Syrian Arab Republic","Production","Other industrial roundwood","1969","m3","42000"
"Forestry Production and Trade","Syrian Arab Republic","Production","Other industrial roundwood","1970","m3","52000"
"Forestry Production and Trade","Syrian Arab Republic","Production","Other industrial roundwood","1971","m3","57000"
"Forestry Production and Trade","Syrian Arab Republic","Production","Other industrial roundwood","1972","m3","30000"
"Forestry Production and Trade","Syrian Arab Republic","Production","Other industrial roundwood","1973","m3","30000"
"Forestry Production and Trade","Syrian Arab Republic","Production","Other industrial roundwood","1974","m3","26000"
"Forestry Production and Trade","Syrian Arab Republic","Production","Other industrial roundwood","1975","m3","37000"
"Forestry Production and Trade","Syrian Arab Republic","Production","Other industrial roundwood","1976","m3","25000"
"Forestry Production and Trade","Syrian Arab Republic","Production","Other industrial roundwood","1977","m3","17000"
"Forestry Production and Trade","Syrian Arab Republic","Production","Other industrial roundwood","1978","m3","9700"
"Forestry Production and Trade","Syrian Arab Republic","Production","Other industrial roundwood","1979","m3","18500"
"Forestry Production and Trade","Syrian Arab Republic","Production","Other industrial roundwood","1980","m3","18500"
"Forestry Production and Trade","Syrian Arab Republic","Production","Other industrial roundwood","1981","m3","18500"
"Forestry Production and Trade","Syrian Arab Republic","Production","Other industrial roundwood","1982","m3","18500"
"Forestry Production and Trade","Syrian Arab Republic","Production","Other industrial roundwood","1983","m3","18500"
"Forestry Production and Trade","Syrian Arab Republic","Production","Other industrial roundwood","1984","m3","18500"
"Forestry Production and Trade","Syrian Arab Republic","Production","Other industrial roundwood","1985","m3","18500"
"Forestry Production and Trade","Syrian Arab Republic","Production","Other industrial roundwood","1986","m3","18500"
"Forestry Production and Trade","Syrian Arab Republic","Production","Other industrial roundwood","1987","m3","18500"
"Forestry Production and Trade","Syrian Arab Republic","Production","Other industrial roundwood","1988","m3","18500"
"Forestry Production and Trade","Syrian Arab Republic","Production","Other industrial roundwood","1989","m3","18500"
"Forestry Production and Trade","Syrian Arab Republic","Production","Other industrial roundwood","1990","m3","18500"
"Forestry Production and Trade","Syrian Arab Republic","Production","Other industrial roundwood","1991","m3","18500"
"Forestry Production and Trade","Syrian Arab Republic","Production","Other industrial roundwood","1992","m3","18500"
"Forestry Production and Trade","Syrian Arab Republic","Production","Other industrial roundwood","1993","m3","18500"
"Forestry Production and Trade","Syrian Arab Republic","Production","Other industrial roundwood","1994","m3","18500"
"Forestry Production and Trade","Syrian Arab Republic","Production","Other industrial roundwood","1995","m3","18500"
"Forestry Production and Trade","Syrian Arab Republic","Production","Other industrial roundwood","1996","m3","18500"
"Forestry Production and Trade","Syrian Arab Republic","Production","Other industrial roundwood","1997","m3","18500"
"Forestry Production and Trade","Syrian Arab Republic","Production","Other industrial roundwood","1998","m3","18500"
"Forestry Production and Trade","Syrian Arab Republic","Production","Other industrial roundwood","1999","m3","18500"
"Forestry Production and Trade","Syrian Arab Republic","Production","Other industrial roundwood","2000","m3","18500"
"Forestry Production and Trade","Syrian Arab Republic","Production","Other industrial roundwood","2001","m3","18500"
"Forestry Production and Trade","Syrian Arab Republic","Production","Other industrial roundwood","2002","m3","18500"
"Forestry Production and Trade","Syrian Arab Republic","Production","Other industrial roundwood","2003","m3","23800"
"Forestry Production and Trade","Syrian Arab Republic","Production","Other industrial roundwood","2004","m3","23800"
"Forestry Production and Trade","Syrian Arab Republic","Production","Other industrial roundwood","2005","m3","23800"
"Forestry Production and Trade","Syrian Arab Republic","Production","Other industrial roundwood","2006","m3","23800"
"Forestry Production and Trade","Syrian Arab Republic","Production","Other industrial roundwood","2007","m3","23800"
"Forestry Production and Trade","Syrian Arab Republic","Production","Other industrial roundwood","2008","m3","23800"
"Forestry Production and Trade","Syrian Arab Republic","Production","Other industrial roundwood","2009","m3","23800"
"Forestry Production and Trade","Syrian Arab Republic","Production","Other industrial roundwood","2010","m3","23800"
"Forestry Production and Trade","Syrian Arab Republic","Production","Other industrial roundwood","2011","m3","23800"
"Forestry Production and Trade","Syrian Arab Republic","Production","Other industrial roundwood","2012","m3","23800"
"Forestry Production and Trade","Syrian Arab Republic","Production","Other industrial roundwood","2013","m3","23800"
"Forestry Production and Trade","Syrian Arab Republic","Production","Other industrial roundwood","2014","m3","23800"
"Forestry Production and Trade","Syrian Arab Republic","Production","Other industrial roundwood","2015","m3","23800"
"Forestry Production and Trade","Syrian Arab Republic","Production","Other industrial roundwood","2016","m3","23800"
"Forestry Production and Trade","Syrian Arab Republic","Production","Other industrial roundwood","2017","m3","23800"
"Forestry Production and Trade","Syrian Arab Republic","Production","Other industrial roundwood","2018","m3","23800"
"Forestry Production and Trade","Syrian Arab Republic","Production","Other industrial roundwood","2019","m3","23800"
"Forestry Production and Trade","Syrian Arab Republic","Production","Other industrial roundwood","2020","m3","23800"
"Forestry Production and Trade","Syrian Arab Republic","Production","Other industrial roundwood","2021","m3","23800"
"Forestry Production and Trade","Syrian Arab Republic","Production","Other industrial roundwood","2022","m3","23800"
"Forestry Production and Trade","Syrian Arab Republic","Production","Other industrial roundwood","2023","m3","23800"
"Forestry Production and Trade","Syrian Arab Republic","Production","Other industrial roundwood","2024","m3","23800"
"Forestry Production and Trade","Syrian Arab Republic","Production","Other industrial roundwood, non-coniferous (production)","1961","m3","20000"
"Forestry Production and Trade","Syrian Arab Republic","Production","Other industrial roundwood, non-coniferous (production)","1962","m3","20000"
"Forestry Production and Trade","Syrian Arab Republic","Production","Other industrial roundwood, non-coniferous (production)","1963","m3","20000"
"Forestry Production and Trade","Syrian Arab Republic","Production","Other industrial roundwood, non-coniferous (production)","1964","m3","20000"
"Forestry Production and Trade","Syrian Arab Republic","Production","Other industrial roundwood, non-coniferous (production)","1965","m3","20000"
"Forestry Production and Trade","Syrian Arab Republic","Production","Other industrial roundwood, non-coniferous (production)","1966","m3","20000"
"Forestry Production and Trade","Syrian Arab Republic","Production","Other industrial roundwood, non-coniferous (production)","1967","m3","23000"
"Forestry Production and Trade","Syrian Arab Republic","Production","Other industrial roundwood, non-coniferous (production)","1968","m3","29000"
"Forestry Production and Trade","Syrian Arab Republic","Production","Other industrial roundwood, non-coniferous (production)","1969","m3","42000"
"Forestry Production and Trade","Syrian Arab Republic","Production","Other industrial roundwood, non-coniferous (production)","1970","m3","52000"
"Forestry Production and Trade","Syrian Arab Republic","Production","Other industrial roundwood, non-coniferous (production)","1971","m3","57000"
"Forestry Production and Trade","Syrian Arab Republic","Production","Other industrial roundwood, non-coniferous (production)","1972","m3","30000"
"Forestry Production and Trade","Syrian Arab Republic","Production","Other industrial roundwood, non-coniferous (production)","1973","m3","30000"
"Forestry Production and Trade","Syrian Arab Republic","Production","Other industrial roundwood, non-coniferous (production)","1974","m3","26000"
"Forestry Production and Trade","Syrian Arab Republic","Production","Other industrial roundwood, non-coniferous (production)","1975","m3","37000"
"Forestry Production and Trade","Syrian Arab Republic","Production","Other industrial roundwood, non-coniferous (production)","1976","m3","25000"
"Forestry Production and Trade","Syrian Arab Republic","Production","Other industrial roundwood, non-coniferous (production)","1977","m3","17000"
"Forestry Production and Trade","Syrian Arab Republic","Production","Other industrial roundwood, non-coniferous (production)","1978","m3","9700"
"Forestry Production and Trade","Syrian Arab Republic","Production","Other industrial roundwood, non-coniferous (production)","1979","m3","18500"
"Forestry Production and Trade","Syrian Arab Republic","Production","Other industrial roundwood, non-coniferous (production)","1980","m3","18500"
"Forestry Production and Trade","Syrian Arab Republic","Production","Other industrial roundwood, non-coniferous (production)","1981","m3","18500"
"Forestry Production and Trade","Syrian Arab Republic","Production","Other industrial roundwood, non-coniferous (production)","1982","m3","18500"
"Forestry Production and Trade","Syrian Arab Republic","Production","Other industrial roundwood, non-coniferous (production)","1983","m3","18500"
"Forestry Production and Trade","Syrian Arab Republic","Production","Other industrial roundwood, non-coniferous (production)","1984","m3","18500"
"Forestry Production and Trade","Syrian Arab Republic","Production","Other industrial roundwood, non-coniferous (production)","1985","m3","18500"
"Forestry Production and Trade","Syrian Arab Republic","Production","Other industrial roundwood, non-coniferous (production)","1986","m3","18500"
"Forestry Production and Trade","Syrian Arab Republic","Production","Other industrial roundwood, non-coniferous (production)","1987","m3","18500"
"Forestry Production and Trade","Syrian Arab Republic","Production","Other industrial roundwood, non-coniferous (production)","1988","m3","18500"
"Forestry Production and Trade","Syrian Arab Republic","Production","Other industrial roundwood, non-coniferous (production)","1989","m3","18500"
"Forestry Production and Trade","Syrian Arab Republic","Production","Other industrial roundwood, non-coniferous (production)","1990","m3","18500"
"Forestry Production and Trade","Syrian Arab Republic","Production","Other industrial roundwood, non-coniferous (production)","1991","m3","18500"
"Forestry Production and Trade","Syrian Arab Republic","Production","Other industrial roundwood, non-coniferous (production)","1992","m3","18500"
"Forestry Production and Trade","Syrian Arab Republic","Production","Other industrial roundwood, non-coniferous (production)","1993","m3","18500"
"Forestry Production and Trade","Syrian Arab Republic","Production","Other industrial roundwood, non-coniferous (production)","1994","m3","18500"
"Forestry Production and Trade","Syrian Arab Republic","Production","Other industrial roundwood, non-coniferous (production)","1995","m3","18500"
"Forestry Production and Trade","Syrian Arab Republic","Production","Other industrial roundwood, non-coniferous (production)","1996","m3","18500"
"Forestry Production and Trade","Syrian Arab Republic","Production","Other industrial roundwood, non-coniferous (production)","1997","m3","18500"
"Forestry Production and Trade","Syrian Arab Republic","Production","Other industrial roundwood, non-coniferous (production)","1998","m3","18500"
"Forestry Production and Trade","Syrian Arab Republic","Production","Other industrial roundwood, non-coniferous (production)","1999","m3","18500"
"Forestry Production and Trade","Syrian Arab Republic","Production","Other industrial roundwood, non-coniferous (production)","2000","m3","18500"
"Forestry Production and Trade","Syrian Arab Republic","Production","Other industrial roundwood, non-coniferous (production)","2001","m3","18500"
"Forestry Production and Trade","Syrian Arab Republic","Production","Other industrial roundwood, non-coniferous (production)","2002","m3","18500"
"Forestry Production and Trade","Syrian Arab Republic","Production","Other industrial roundwood, non-coniferous (production)","2003","m3","23800"
"Forestry Production and Trade","Syrian Arab Republic","Production","Other industrial roundwood, non-coniferous (production)","2004","m3","23800"
"Forestry Production and Trade","Syrian Arab Republic","Production","Other industrial roundwood, non-coniferous (production)","2005","m3","23800"
"Forestry Production and Trade","Syrian Arab Republic","Production","Other industrial roundwood, non-coniferous (production)","2006","m3","23800"
"Forestry Production and Trade","Syrian Arab Republic","Production","Other industrial roundwood, non-coniferous (production)","2007","m3","23800"
"Forestry Production and Trade","Syrian Arab Republic","Production","Other industrial roundwood, non-coniferous (production)","2008","m3","23800"
"Forestry Production and Trade","Syrian Arab Republic","Production","Other industrial roundwood, non-coniferous (production)","2009","m3","23800"
"Forestry Production and Trade","Syrian Arab Republic","Production","Other industrial roundwood, non-coniferous (production)","2010","m3","23800"
"Forestry Production and Trade","Syrian Arab Republic","Production","Other industrial roundwood, non-coniferous (production)","2011","m3","23800"
"Forestry Production and Trade","Syrian Arab Republic","Production","Other industrial roundwood, non-coniferous (production)","2012","m3","23800"
"Forestry Production and Trade","Syrian Arab Republic","Production","Other industrial roundwood, non-coniferous (production)","2013","m3","23800"
"Forestry Production and Trade","Syrian Arab Republic","Production","Other industrial roundwood, non-coniferous (production)","2014","m3","23800"
"Forestry Production and Trade","Syrian Arab Republic","Production","Other industrial roundwood, non-coniferous (production)","2015","m3","23800"
"Forestry Production and Trade","Syrian Arab Republic","Production","Other industrial roundwood, non-coniferous (production)","2016","m3","23800"
"Forestry Production and Trade","Syrian Arab Republic","Production","Other industrial roundwood, non-coniferous (production)","2017","m3","23800"
"Forestry Production and Trade","Syrian Arab Republic","Production","Other industrial roundwood, non-coniferous (production)","2018","m3","23800"
"Forestry Production and Trade","Syrian Arab Republic","Production","Other industrial roundwood, non-coniferous (production)","2019","m3","23800"
"Forestry Production and Trade","Syrian Arab Republic","Production","Other industrial roundwood, non-coniferous (production)","2020","m3","23800"
"Forestry Production and Trade","Syrian Arab Republic","Production","Other industrial roundwood, non-coniferous (production)","2021","m3","23800"
"Forestry Production and Trade","Syrian Arab Republic","Production","Other industrial roundwood, non-coniferous (production)","2022","m3","23800"
"Forestry Production and Trade","Syrian Arab Republic","Production","Other industrial roundwood, non-coniferous (production)","2023","m3","23800"
"Forestry Production and Trade","Syrian Arab Republic","Production","Other industrial roundwood, non-coniferous (production)","2024","m3","23800"
"Forestry Production and Trade","Syrian Arab Republic","Production","Wood charcoal","1961","t","6372"
"Forestry Production and Trade","Syrian Arab Republic","Production","Wood charcoal","1962","t","7430"
"Forestry Production and Trade","Syrian Arab Republic","Production","Wood charcoal","1963","t","9291"
"Forestry Production and Trade","Syrian Arab Republic","Production","Wood charcoal","1964","t","9555"
"Forestry Production and Trade","Syrian Arab Republic","Production","Wood charcoal","1965","t","9722"
"Forestry Production and Trade","Syrian Arab Republic","Production","Wood charcoal","1966","t","9892"
"Forestry Production and Trade","Syrian Arab Republic","Production","Wood charcoal","1967","t","9964"
"Forestry Production and Trade","Syrian Arab Republic","Production","Wood charcoal","1968","t","10240"
"Forestry Production and Trade","Syrian Arab Republic","Production","Wood charcoal","1969","t","10318"
"Forestry Production and Trade","Syrian Arab Republic","Production","Wood charcoal","1970","t","10600"
"Forestry Production and Trade","Syrian Arab Republic","Production","Wood charcoal","1971","t","10800"
"Forestry Production and Trade","Syrian Arab Republic","Production","Wood charcoal","1972","t","10615"
"Forestry Production and Trade","Syrian Arab Republic","Production","Wood charcoal","1973","t","11437"
"Forestry Production and Trade","Syrian Arab Republic","Production","Wood charcoal","1974","t","11241"
"Forestry Production and Trade","Syrian Arab Republic","Production","Wood charcoal","1975","t","11198"
"Forestry Production and Trade","Syrian Arab Republic","Production","Wood charcoal","1976","t","500"
"Forestry Production and Trade","Syrian Arab Republic","Production","Wood charcoal","1977","t","1800"
"Forestry Production and Trade","Syrian Arab Republic","Production","Wood charcoal","1978","t","600"
"Forestry Production and Trade","Syrian Arab Republic","Production","Wood charcoal","1979","t","1200"
"Forestry Production and Trade","Syrian Arab Republic","Production","Wood charcoal","1980","t","2400"
"Forestry Production and Trade","Syrian Arab Republic","Production","Wood charcoal","1981","t","1300"
"Forestry Production and Trade","Syrian Arab Republic","Production","Wood charcoal","1982","t","600"
"Forestry Production and Trade","Syrian Arab Republic","Production","Wood charcoal","1983","t","1900"
"Forestry Production and Trade","Syrian Arab Republic","Production","Wood charcoal","1984","t","700"
"Forestry Production and Trade","Syrian Arab Republic","Production","Wood charcoal","1985","t","700"
"Forestry Production and Trade","Syrian Arab Republic","Production","Wood charcoal","1986","t","700"
"Forestry Production and Trade","Syrian Arab Republic","Production","Wood charcoal","1987","t","700"
"Forestry Production and Trade","Syrian Arab Republic","Production","Wood charcoal","1988","t","700"
"Forestry Production and Trade","Syrian Arab Republic","Production","Wood charcoal","1989","t","700"
"Forestry Production and Trade","Syrian Arab Republic","Production","Wood charcoal","1990","t","700"
"Forestry Production and Trade","Syrian Arab Republic","Production","Wood charcoal","1991","t","700"
"Forestry Production and Trade","Syrian Arab Republic","Production","Wood charcoal","1992","t","700"
"Forestry Production and Trade","Syrian Arab Republic","Production","Wood charcoal","1993","t","700"
"Forestry Production and Trade","Syrian Arab Republic","Production","Wood charcoal","1994","t","700"
"Forestry Production and Trade","Syrian Arab Republic","Production","Wood charcoal","1995","t","700"
"Forestry Production and Trade","Syrian Arab Republic","Production","Wood charcoal","1996","t","700"
"Forestry Production and Trade","Syrian Arab Republic","Production","Wood charcoal","1997","t","700"
"Forestry Production and Trade","Syrian Arab Republic","Production","Wood charcoal","1998","t","4000"
"Forestry Production and Trade","Syrian Arab Republic","Production","Wood charcoal","1999","t","4000"
"Forestry Production and Trade","Syrian Arab Republic","Production","Wood charcoal","2000","t","4000"
"Forestry Production and Trade","Syrian Arab Republic","Production","Wood charcoal","2001","t","4000"
"Forestry Production and Trade","Syrian Arab Republic","Production","Wood charcoal","2002","t","2700"
"Forestry Production and Trade","Syrian Arab Republic","Production","Wood charcoal","2003","t","2700"
"Forestry Production and Trade","Syrian Arab Republic","Production","Wood charcoal","2004","t","2700"
"Forestry Production and Trade","Syrian Arab Republic","Production","Wood charcoal","2005","t","2700"
"Forestry Production and Trade","Syrian Arab Republic","Production","Wood charcoal","2006","t","2700"
"Forestry Production and Trade","Syrian Arab Republic","Production","Wood charcoal","2007","t","2700"
"Forestry Production and Trade","Syrian Arab Republic","Production","Wood charcoal","2008","t","2700"
"Forestry Production and Trade","Syrian Arab Republic","Production","Wood charcoal","2009","t","2700"
"Forestry Production and Trade","Syrian Arab Republic","Production","Wood charcoal","2010","t","2700"
"Forestry Production and Trade","Syrian Arab Republic","Production","Wood charcoal","2011","t","2700"
"Forestry Production and Trade","Syrian Arab Republic","Production","Wood charcoal","2012","t","2700"
"Forestry Production and Trade","Syrian Arab Republic","Production","Wood charcoal","2013","t","2700"
"Forestry Production and Trade","Syrian Arab Republic","Production","Wood charcoal","2014","t","2700"
"Forestry Production and Trade","Syrian Arab Republic","Production","Wood charcoal","2015","t","2700"
"Forestry Production and Trade","Syrian Arab Republic","Production","Wood charcoal","2016","t","2700"
"Forestry Production and Trade","Syrian Arab Republic","Production","Wood charcoal","2017","t","2700"
"Forestry Production and Trade","Syrian Arab Republic","Production","Wood charcoal","2018","t","2700"
"Forestry Production and Trade","Syrian Arab Republic","Production","Wood charcoal","2019","t","2700"
"Forestry Production and Trade","Syrian Arab Republic","Production","Wood charcoal","2020","t","2700"
"Forestry Production and Trade","Syrian Arab Republic","Production","Wood charcoal","2021","t","2700"
"Forestry Production and Trade","Syrian Arab Republic","Production","Wood charcoal","2022","t","2700"
"Forestry Production and Trade","Syrian Arab Republic","Production","Wood charcoal","2023","t","2700"
"Forestry Production and Trade","Syrian Arab Republic","Production","Wood charcoal","2024","t","2700"
"Forestry Production and Trade","Syrian Arab Republic","Production","Sawnwood","1961","m3","5300"
"Forestry Production and Trade","Syrian Arab Republic","Production","Sawnwood","1962","m3","5300"
"Forestry Production and Trade","Syrian Arab Republic","Production","Sawnwood","1963","m3","5300"
"Forestry Production and Trade","Syrian Arab Republic","Production","Sawnwood","1964","m3","5300"
"Forestry Production and Trade","Syrian Arab Republic","Production","Sawnwood","1965","m3","5300"
"Forestry Production and Trade","Syrian Arab Republic","Production","Sawnwood","1966","m3","2800"
"Forestry Production and Trade","Syrian Arab Republic","Production","Sawnwood","1967","m3","3400"
"Forestry Production and Trade","Syrian Arab Republic","Production","Sawnwood","1968","m3","3900"
"Forestry Production and Trade","Syrian Arab Republic","Production","Sawnwood","1969","m3","4800"
"Forestry Production and Trade","Syrian Arab Republic","Production","Sawnwood","1970","m3","700"
"Forestry Production and Trade","Syrian Arab Republic","Production","Sawnwood","1971","m3","500"
"Forestry Production and Trade","Syrian Arab Republic","Production","Sawnwood","1972","m3","500"
"Forestry Production and Trade","Syrian Arab Republic","Production","Sawnwood","1973","m3","200"
"Forestry Production and Trade","Syrian Arab Republic","Production","Sawnwood","1974","m3","400"
"Forestry Production and Trade","Syrian Arab Republic","Production","Sawnwood","1975","m3","400"
"Forestry Production and Trade","Syrian Arab Republic","Production","Sawnwood","1976","m3","2000"
"Forestry Production and Trade","Syrian Arab Republic","Production","Sawnwood","1977","m3","2000"
"Forestry Production and Trade","Syrian Arab Republic","Production","Sawnwood","1978","m3","2000"
"Forestry Production and Trade","Syrian Arab Republic","Production","Sawnwood","1979","m3","7600"
"Forestry Production and Trade","Syrian Arab Republic","Production","Sawnwood","1980","m3","9000"
"Forestry Production and Trade","Syrian Arab Republic","Production","Sawnwood","1981","m3","9000"
"Forestry Production and Trade","Syrian Arab Republic","Production","Sawnwood","1982","m3","9000"
"Forestry Production and Trade","Syrian Arab Republic","Production","Sawnwood","1983","m3","9000"
"Forestry Production and Trade","Syrian Arab Republic","Production","Sawnwood","1984","m3","9000"
"Forestry Production and Trade","Syrian Arab Republic","Production","Sawnwood","1985","m3","9000"
"Forestry Production and Trade","Syrian Arab Republic","Production","Sawnwood","1986","m3","9000"
"Forestry Production and Trade","Syrian Arab Republic","Production","Sawnwood","1987","m3","9000"
"Forestry Production and Trade","Syrian Arab Republic","Production","Sawnwood","1988","m3","9000"
"Forestry Production and Trade","Syrian Arab Republic","Production","Sawnwood","1989","m3","9000"
"Forestry Production and Trade","Syrian Arab Republic","Production","Sawnwood","1990","m3","9000"
"Forestry Production and Trade","Syrian Arab Republic","Production","Sawnwood","1991","m3","9000"
"Forestry Production and Trade","Syrian Arab Republic","Production","Sawnwood","1992","m3","9000"
"Forestry Production and Trade","Syrian Arab Republic","Production","Sawnwood","1993","m3","9000"
"Forestry Production and Trade","Syrian Arab Republic","Production","Sawnwood","1994","m3","9000"
"Forestry Production and Trade","Syrian Arab Republic","Production","Sawnwood","1995","m3","9000"
"Forestry Production and Trade","Syrian Arab Republic","Production","Sawnwood","1996","m3","9000"
"Forestry Production and Trade","Syrian Arab Republic","Production","Sawnwood","1997","m3","9000"
"Forestry Production and Trade","Syrian Arab Republic","Production","Sawnwood","1998","m3","9000"
"Forestry Production and Trade","Syrian Arab Republic","Production","Sawnwood","1999","m3","9000"
"Forestry Production and Trade","Syrian Arab Republic","Production","Sawnwood","2000","m3","9000"
"Forestry Production and Trade","Syrian Arab Republic","Production","Sawnwood","2001","m3","9000"
"Forestry Production and Trade","Syrian Arab Republic","Production","Sawnwood","2002","m3","9000"
"Forestry Production and Trade","Syrian Arab Republic","Production","Sawnwood","2003","m3","9000"
"Forestry Production and Trade","Syrian Arab Republic","Production","Sawnwood","2004","m3","9000"
"Forestry Production and Trade","Syrian Arab Republic","Production","Sawnwood","2005","m3","9000"
"Forestry Production and Trade","Syrian Arab Republic","Production","Sawnwood","2006","m3","9000"
"Forestry Production and Trade","Syrian Arab Republic","Production","Sawnwood","2007","m3","9000"
"Forestry Production and Trade","Syrian Arab Republic","Production","Sawnwood","2008","m3","9000"
"Forestry Production and Trade","Syrian Arab Republic","Production","Sawnwood","2009","m3","9000"
"Forestry Production and Trade","Syrian Arab Republic","Production","Sawnwood","2010","m3","9000"
"Forestry Production and Trade","Syrian Arab Republic","Production","Sawnwood","2011","m3","9000"
"Forestry Production and Trade","Syrian Arab Republic","Production","Sawnwood","2012","m3","9000"
"Forestry Production and Trade","Syrian Arab Republic","Production","Sawnwood","2013","m3","9000"
"Forestry Production and Trade","Syrian Arab Republic","Production","Sawnwood","2014","m3","9000"
"Forestry Production and Trade","Syrian Arab Republic","Production","Sawnwood","2015","m3","9000"
"Forestry Production and Trade","Syrian Arab Republic","Production","Sawnwood","2016","m3","9000"
"Forestry Production and Trade","Syrian Arab Republic","Production","Sawnwood","2017","m3","9000"
"Forestry Production and Trade","Syrian Arab Republic","Production","Sawnwood","2018","m3","9000"
"Forestry Production and Trade","Syrian Arab Republic","Production","Sawnwood","2019","m3","9000"
"Forestry Production and Trade","Syrian Arab Republic","Production","Sawnwood","2020","m3","9000"
"Forestry Production and Trade","Syrian Arab Republic","Production","Sawnwood","2021","m3","9000"
"Forestry Production and Trade","Syrian Arab Republic","Production","Sawnwood","2022","m3","9000"
"Forestry Production and Trade","Syrian Arab Republic","Production","Sawnwood","2023","m3","9000"
"Forestry Production and Trade","Syrian Arab Republic","Production","Sawnwood","2024","m3","9000"
"Forestry Production and Trade","Syrian Arab Republic","Production","Sawnwood, coniferous","1961","m3","3450"
"Forestry Production and Trade","Syrian Arab Republic","Production","Sawnwood, coniferous","1962","m3","3450"
"Forestry Production and Trade","Syrian Arab Republic","Production","Sawnwood, coniferous","1963","m3","3450"
"Forestry Production and Trade","Syrian Arab Republic","Production","Sawnwood, coniferous","1964","m3","3450"
"Forestry Production and Trade","Syrian Arab Republic","Production","Sawnwood, coniferous","1965","m3","3450"
"Forestry Production and Trade","Syrian Arab Republic","Production","Sawnwood, coniferous","1979","m3","1800"
"Forestry Production and Trade","Syrian Arab Republic","Production","Sawnwood, coniferous","1980","m3","6600"
"Forestry Production and Trade","Syrian Arab Republic","Production","Sawnwood, coniferous","1981","m3","6600"
"Forestry Production and Trade","Syrian Arab Republic","Production","Sawnwood, coniferous","1982","m3","6600"
"Forestry Production and Trade","Syrian Arab Republic","Production","Sawnwood, coniferous","1983","m3","6600"
"Forestry Production and Trade","Syrian Arab Republic","Production","Sawnwood, coniferous","1984","m3","6600"
"Forestry Production and Trade","Syrian Arab Republic","Production","Sawnwood, coniferous","1985","m3","6600"
"Forestry Production and Trade","Syrian Arab Republic","Production","Sawnwood, coniferous","1986","m3","6600"
"Forestry Production and Trade","Syrian Arab Republic","Production","Sawnwood, coniferous","1987","m3","6600"
"Forestry Production and Trade","Syrian Arab Republic","Production","Sawnwood, coniferous","1988","m3","6600"
"Forestry Production and Trade","Syrian Arab Republic","Production","Sawnwood, coniferous","1989","m3","6600"
"Forestry Production and Trade","Syrian Arab Republic","Production","Sawnwood, coniferous","1990","m3","6600"
"Forestry Production and Trade","Syrian Arab Republic","Production","Sawnwood, coniferous","1991","m3","6600"
"Forestry Production and Trade","Syrian Arab Republic","Production","Sawnwood, coniferous","1992","m3","6600"
"Forestry Production and Trade","Syrian Arab Republic","Production","Sawnwood, coniferous","1993","m3","6600"
"Forestry Production and Trade","Syrian Arab Republic","Production","Sawnwood, coniferous","1994","m3","6600"
"Forestry Production and Trade","Syrian Arab Republic","Production","Sawnwood, coniferous","1995","m3","6600"
"Forestry Production and Trade","Syrian Arab Republic","Production","Sawnwood, coniferous","1996","m3","6600"
"Forestry Production and Trade","Syrian Arab Republic","Production","Sawnwood, coniferous","1997","m3","6600"
"Forestry Production and Trade","Syrian Arab Republic","Production","Sawnwood, coniferous","1998","m3","6600"
"Forestry Production and Trade","Syrian Arab Republic","Production","Sawnwood, coniferous","1999","m3","6600"
"Forestry Production and Trade","Syrian Arab Republic","Production","Sawnwood, coniferous","2000","m3","6600"
"Forestry Production and Trade","Syrian Arab Republic","Production","Sawnwood, coniferous","2001","m3","6600"
"Forestry Production and Trade","Syrian Arab Republic","Production","Sawnwood, coniferous","2002","m3","6600"
"Forestry Production and Trade","Syrian Arab Republic","Production","Sawnwood, coniferous","2003","m3","6600"
"Forestry Production and Trade","Syrian Arab Republic","Production","Sawnwood, coniferous","2004","m3","6600"
"Forestry Production and Trade","Syrian Arab Republic","Production","Sawnwood, coniferous","2005","m3","6600"
"Forestry Production and Trade","Syrian Arab Republic","Production","Sawnwood, coniferous","2006","m3","6600"
"Forestry Production and Trade","Syrian Arab Republic","Production","Sawnwood, coniferous","2007","m3","6600"
"Forestry Production and Trade","Syrian Arab Republic","Production","Sawnwood, coniferous","2008","m3","6600"
"Forestry Production and Trade","Syrian Arab Republic","Production","Sawnwood, coniferous","2009","m3","6600"
"Forestry Production and Trade","Syrian Arab Republic","Production","Sawnwood, coniferous","2010","m3","6600"
"Forestry Production and Trade","Syrian Arab Republic","Production","Sawnwood, coniferous","2011","m3","6600"
"Forestry Production and Trade","Syrian Arab Republic","Production","Sawnwood, coniferous","2012","m3","6600"
"Forestry Production and Trade","Syrian Arab Republic","Production","Sawnwood, coniferous","2013","m3","6600"
"Forestry Production and Trade","Syrian Arab Republic","Production","Sawnwood, coniferous","2014","m3","6600"
"Forestry Production and Trade","Syrian Arab Republic","Production","Sawnwood, coniferous","2015","m3","6600"
"Forestry Production and Trade","Syrian Arab Republic","Production","Sawnwood, coniferous","2016","m3","6600"
"Forestry Production and Trade","Syrian Arab Republic","Production","Sawnwood, coniferous","2017","m3","6600"
"Forestry Production and Trade","Syrian Arab Republic","Production","Sawnwood, coniferous","2018","m3","6600"
"Forestry Production and Trade","Syrian Arab Republic","Production","Sawnwood, coniferous","2019","m3","6600"
"Forestry Production and Trade","Syrian Arab Republic","Production","Sawnwood, coniferous","2020","m3","6600"
"Forestry Production and Trade","Syrian Arab Republic","Production","Sawnwood, coniferous","2021","m3","6600"
"Forestry Production and Trade","Syrian Arab Republic","Production","Sawnwood, coniferous","2022","m3","6600"
"Forestry Production and Trade","Syrian Arab Republic","Production","Sawnwood, coniferous","2023","m3","6600"
"Forestry Production and Trade","Syrian Arab Republic","Production","Sawnwood, coniferous","2024","m3","6600"
"Forestry Production and Trade","Syrian Arab Republic","Production","Sawnwood, non-coniferous","1961","m3","1850"
"Forestry Production and Trade","Syrian Arab Republic","Production","Sawnwood, non-coniferous","1962","m3","1850"
"Forestry Production and Trade","Syrian Arab Republic","Production","Sawnwood, non-coniferous","1963","m3","1850"
"Forestry Production and Trade","Syrian Arab Republic","Production","Sawnwood, non-coniferous","1964","m3","1850"
"Forestry Production and Trade","Syrian Arab Republic","Production","Sawnwood, non-coniferous","1965","m3","1850"
"Forestry Production and Trade","Syrian Arab Republic","Production","Sawnwood, non-coniferous","1966","m3","2800"
"Forestry Production and Trade","Syrian Arab Republic","Production","Sawnwood, non-coniferous","1967","m3","3400"
"Forestry Production and Trade","Syrian Arab Republic","Production","Sawnwood, non-coniferous","1968","m3","3900"
"Forestry Production and Trade","Syrian Arab Republic","Production","Sawnwood, non-coniferous","1969","m3","4800"
"Forestry Production and Trade","Syrian Arab Republic","Production","Sawnwood, non-coniferous","1970","m3","700"
"Forestry Production and Trade","Syrian Arab Republic","Production","Sawnwood, non-coniferous","1971","m3","500"
"Forestry Production and Trade","Syrian Arab Republic","Production","Sawnwood, non-coniferous","1972","m3","500"
"Forestry Production and Trade","Syrian Arab Republic","Production","Sawnwood, non-coniferous","1973","m3","200"
"Forestry Production and Trade","Syrian Arab Republic","Production","Sawnwood, non-coniferous","1974","m3","400"
"Forestry Production and Trade","Syrian Arab Republic","Production","Sawnwood, non-coniferous","1975","m3","400"
"Forestry Production and Trade","Syrian Arab Republic","Production","Sawnwood, non-coniferous","1976","m3","2000"
"Forestry Production and Trade","Syrian Arab Republic","Production","Sawnwood, non-coniferous","1977","m3","2000"
"Forestry Production and Trade","Syrian Arab Republic","Production","Sawnwood, non-coniferous","1978","m3","2000"
"Forestry Production and Trade","Syrian Arab Republic","Production","Sawnwood, non-coniferous","1979","m3","5800"
"Forestry Production and Trade","Syrian Arab Republic","Production","Sawnwood, non-coniferous","1980","m3","2400"
"Forestry Production and Trade","Syrian Arab Republic","Production","Sawnwood, non-coniferous","1981","m3","2400"
"Forestry Production and Trade","Syrian Arab Republic","Production","Sawnwood, non-coniferous","1982","m3","2400"
"Forestry Production and Trade","Syrian Arab Republic","Production","Sawnwood, non-coniferous","1983","m3","2400"
"Forestry Production and Trade","Syrian Arab Republic","Production","Sawnwood, non-coniferous","1984","m3","2400"
"Forestry Production and Trade","Syrian Arab Republic","Production","Sawnwood, non-coniferous","1985","m3","2400"
"Forestry Production and Trade","Syrian Arab Republic","Production","Sawnwood, non-coniferous","1986","m3","2400"
"Forestry Production and Trade","Syrian Arab Republic","Production","Sawnwood, non-coniferous","1987","m3","2400"
"Forestry Production and Trade","Syrian Arab Republic","Production","Sawnwood, non-coniferous","1988","m3","2400"
"Forestry Production and Trade","Syrian Arab Republic","Production","Sawnwood, non-coniferous","1989","m3","2400"
"Forestry Production and Trade","Syrian Arab Republic","Production","Sawnwood, non-coniferous","1990","m3","2400"
"Forestry Production and Trade","Syrian Arab Republic","Production","Sawnwood, non-coniferous","1991","m3","2400"
"Forestry Production and Trade","Syrian Arab Republic","Production","Sawnwood, non-coniferous","1992","m3","2400"
"Forestry Production and Trade","Syrian Arab Republic","Production","Sawnwood, non-coniferous","1993","m3","2400"
"Forestry Production and Trade","Syrian Arab Republic","Production","Sawnwood, non-coniferous","1994","m3","2400"
"Forestry Production and Trade","Syrian Arab Republic","Production","Sawnwood, non-coniferous","1995","m3","2400"
"Forestry Production and Trade","Syrian Arab Republic","Production","Sawnwood, non-coniferous","1996","m3","2400"
"Forestry Production and Trade","Syrian Arab Republic","Production","Sawnwood, non-coniferous","1997","m3","2400"
"Forestry Production and Trade","Syrian Arab Republic","Production","Sawnwood, non-coniferous","1998","m3","2400"
"Forestry Production and Trade","Syrian Arab Republic","Production","Sawnwood, non-coniferous","1999","m3","2400"
"Forestry Production and Trade","Syrian Arab Republic","Production","Sawnwood, non-coniferous","2000","m3","2400"
"Forestry Production and Trade","Syrian Arab Republic","Production","Sawnwood, non-coniferous","2001","m3","2400"
"Forestry Production and Trade","Syrian Arab Republic","Production","Sawnwood, non-coniferous","2002","m3","2400"
"Forestry Production and Trade","Syrian Arab Republic","Production","Sawnwood, non-coniferous","2003","m3","2400"
"Forestry Production and Trade","Syrian Arab Republic","Production","Sawnwood, non-coniferous","2004","m3","2400"
"Forestry Production and Trade","Syrian Arab Republic","Production","Sawnwood, non-coniferous","2005","m3","2400"
"Forestry Production and Trade","Syrian Arab Republic","Production","Sawnwood, non-coniferous","2006","m3","2400"
"Forestry Production and Trade","Syrian Arab Republic","Production","Sawnwood, non-coniferous","2007","m3","2400"
"Forestry Production and Trade","Syrian Arab Republic","Production","Sawnwood, non-coniferous","2008","m3","2400"
"Forestry Production and Trade","Syrian Arab Republic","Production","Sawnwood, non-coniferous","2009","m3","2400"
"Forestry Production and Trade","Syrian Arab Republic","Production","Sawnwood, non-coniferous","2010","m3","2400"
"Forestry Production and Trade","Syrian Arab Republic","Production","Sawnwood, non-coniferous","2011","m3","2400"
"Forestry Production and Trade","Syrian Arab Republic","Production","Sawnwood, non-coniferous","2012","m3","2400"
"Forestry Production and Trade","Syrian Arab Republic","Production","Sawnwood, non-coniferous","2013","m3","2400"
"Forestry Production and Trade","Syrian Arab Republic","Production","Sawnwood, non-coniferous","2014","m3","2400"
"Forestry Production and Trade","Syrian Arab Republic","Production","Sawnwood, non-coniferous","2015","m3","2400"
"Forestry Production and Trade","Syrian Arab Republic","Production","Sawnwood, non-coniferous","2016","m3","2400"
"Forestry Production and Trade","Syrian Arab Republic","Production","Sawnwood, non-coniferous","2017","m3","2400"
"Forestry Production and Trade","Syrian Arab Republic","Production","Sawnwood, non-coniferous","2018","m3","2400"
"Forestry Production and Trade","Syrian Arab Republic","Production","Sawnwood, non-coniferous","2019","m3","2400"
"Forestry Production and Trade","Syrian Arab Republic","Production","Sawnwood, non-coniferous","2020","m3","2400"
"Forestry Production and Trade","Syrian Arab Republic","Production","Sawnwood, non-coniferous","2021","m3","2400"
"Forestry Production and Trade","Syrian Arab Republic","Production","Sawnwood, non-coniferous","2022","m3","2400"
"Forestry Production and Trade","Syrian Arab Republic","Production","Sawnwood, non-coniferous","2023","m3","2400"
"Forestry Production and Trade","Syrian Arab Republic","Production","Sawnwood, non-coniferous","2024","m3","2400"
"Forestry Production and Trade","Syrian Arab Republic","Production","Veneer sheets","1979","m3","7100"
"Forestry Production and Trade","Syrian Arab Republic","Production","Veneer sheets","1980","m3","9700"
"Forestry Production and Trade","Syrian Arab Republic","Production","Veneer sheets","1981","m3","9700"
"Forestry Production and Trade","Syrian Arab Republic","Production","Veneer sheets","1982","m3","9700"
"Forestry Production and Trade","Syrian Arab Republic","Production","Veneer sheets","1983","m3","9700"
"Forestry Production and Trade","Syrian Arab Republic","Production","Veneer sheets","1984","m3","9700"
"Forestry Production and Trade","Syrian Arab Republic","Production","Veneer sheets","1985","m3","9700"
"Forestry Production and Trade","Syrian Arab Republic","Production","Veneer sheets","1986","m3","9700"
"Forestry Production and Trade","Syrian Arab Republic","Production","Veneer sheets","1987","m3","9700"
"Forestry Production and Trade","Syrian Arab Republic","Production","Veneer sheets","1988","m3","9700"
"Forestry Production and Trade","Syrian Arab Republic","Production","Veneer sheets","1989","m3","9700"
"Forestry Production and Trade","Syrian Arab Republic","Production","Veneer sheets","1990","m3","9700"
"Forestry Production and Trade","Syrian Arab Republic","Production","Veneer sheets","1991","m3","9700"
"Forestry Production and Trade","Syrian Arab Republic","Production","Veneer sheets","1992","m3","9700"
"Forestry Production and Trade","Syrian Arab Republic","Production","Veneer sheets","1993","m3","9700"
"Forestry Production and Trade","Syrian Arab Republic","Production","Veneer sheets","1994","m3","9700"
"Forestry Production and Trade","Syrian Arab Republic","Production","Veneer sheets","1995","m3","9700"
"Forestry Production and Trade","Syrian Arab Republic","Production","Veneer sheets","1996","m3","9700"
"Forestry Production and Trade","Syrian Arab Republic","Production","Veneer sheets","1997","m3","9700"
"Forestry Production and Trade","Syrian Arab Republic","Production","Veneer sheets","1998","m3","9700"
"Forestry Production and Trade","Syrian Arab Republic","Production","Veneer sheets","1999","m3","9700"
"Forestry Production and Trade","Syrian Arab Republic","Production","Veneer sheets","2000","m3","9700"
"Forestry Production and Trade","Syrian Arab Republic","Production","Veneer sheets","2001","m3","9700"
"Forestry Production and Trade","Syrian Arab Republic","Production","Veneer sheets","2002","m3","9700"
"Forestry Production and Trade","Syrian Arab Republic","Production","Veneer sheets","2003","m3","9700"
"Forestry Production and Trade","Syrian Arab Republic","Production","Veneer sheets","2004","m3","9700"
"Forestry Production and Trade","Syrian Arab Republic","Production","Veneer sheets","2005","m3","9700"
"Forestry Production and Trade","Syrian Arab Republic","Production","Veneer sheets","2006","m3","9700"
"Forestry Production and Trade","Syrian Arab Republic","Production","Veneer sheets","2007","m3","9700"
"Forestry Production and Trade","Syrian Arab Republic","Production","Veneer sheets","2008","m3","9700"
"Forestry Production and Trade","Syrian Arab Republic","Production","Veneer sheets","2009","m3","9700"
"Forestry Production and Trade","Syrian Arab Republic","Production","Veneer sheets","2010","m3","9700"
"Forestry Production and Trade","Syrian Arab Republic","Production","Veneer sheets","2011","m3","9700"
"Forestry Production and Trade","Syrian Arab Republic","Production","Veneer sheets","2012","m3","9700"
"Forestry Production and Trade","Syrian Arab Republic","Production","Veneer sheets","2013","m3","9700"
"Forestry Production and Trade","Syrian Arab Republic","Production","Veneer sheets","2014","m3","9700"
"Forestry Production and Trade","Syrian Arab Republic","Production","Veneer sheets","2015","m3","10000"
"Forestry Production and Trade","Syrian Arab Republic","Production","Veneer sheets","2016","m3","10000"
"Forestry Production and Trade","Syrian Arab Republic","Production","Veneer sheets","2017","m3","10000"
"Forestry Production and Trade","Syrian Arab Republic","Production","Veneer sheets","2018","m3","10000"
"Forestry Production and Trade","Syrian Arab Republic","Production","Veneer sheets","2019","m3","10000"
"Forestry Production and Trade","Syrian Arab Republic","Production","Veneer sheets","2020","m3","10000"
"Forestry Production and Trade","Syrian Arab Republic","Production","Veneer sheets","2021","m3","10000"
"Forestry Production and Trade","Syrian Arab Republic","Production","Veneer sheets","2022","m3","10000"
"Forestry Production and Trade","Syrian Arab Republic","Production","Veneer sheets","2023","m3","10000"
"Forestry Production and Trade","Syrian Arab Republic","Production","Veneer sheets","2024","m3","10000"
"Forestry Production and Trade","Syrian Arab Republic","Production","Wood-based panels","1961","m3","11000"
"Forestry Production and Trade","Syrian Arab Republic","Production","Wood-based panels","1962","m3","11000"
"Forestry Production and Trade","Syrian Arab Republic","Production","Wood-based panels","1963","m3","11000"
"Forestry Production and Trade","Syrian Arab Republic","Production","Wood-based panels","1964","m3","11000"
"Forestry Production and Trade","Syrian Arab Republic","Production","Wood-based panels","1965","m3","11000"
"Forestry Production and Trade","Syrian Arab Republic","Production","Wood-based panels","1966","m3","9200"
"Forestry Production and Trade","Syrian Arab Republic","Production","Wood-based panels","1967","m3","10700"
"Forestry Production and Trade","Syrian Arab Republic","Production","Wood-based panels","1968","m3","14700"
"Forestry Production and Trade","Syrian Arab Republic","Production","Wood-based panels","1969","m3","16000"
"Forestry Production and Trade","Syrian Arab Republic","Production","Wood-based panels","1970","m3","17800"
"Forestry Production and Trade","Syrian Arab Republic","Production","Wood-based panels","1971","m3","16300"
"Forestry Production and Trade","Syrian Arab Republic","Production","Wood-based panels","1972","m3","16600"
"Forestry Production and Trade","Syrian Arab Republic","Production","Wood-based panels","1973","m3","21000"
"Forestry Production and Trade","Syrian Arab Republic","Production","Wood-based panels","1974","m3","13500"
"Forestry Production and Trade","Syrian Arab Republic","Production","Wood-based panels","1975","m3","12400"
"Forestry Production and Trade","Syrian Arab Republic","Production","Wood-based panels","1976","m3","11900"
"Forestry Production and Trade","Syrian Arab Republic","Production","Wood-based panels","1977","m3","12400"
"Forestry Production and Trade","Syrian Arab Republic","Production","Wood-based panels","1978","m3","16000"
"Forestry Production and Trade","Syrian Arab Republic","Production","Wood-based panels","1979","m3","18400"
"Forestry Production and Trade","Syrian Arab Republic","Production","Wood-based panels","1980","m3","17000"
"Forestry Production and Trade","Syrian Arab Republic","Production","Wood-based panels","1981","m3","17000"
"Forestry Production and Trade","Syrian Arab Republic","Production","Wood-based panels","1982","m3","17000"
"Forestry Production and Trade","Syrian Arab Republic","Production","Wood-based panels","1983","m3","17000"
"Forestry Production and Trade","Syrian Arab Republic","Production","Wood-based panels","1984","m3","17000"
"Forestry Production and Trade","Syrian Arab Republic","Production","Wood-based panels","1985","m3","17000"
"Forestry Production and Trade","Syrian Arab Republic","Production","Wood-based panels","1986","m3","17000"
"Forestry Production and Trade","Syrian Arab Republic","Production","Wood-based panels","1987","m3","17000"
"Forestry Production and Trade","Syrian Arab Republic","Production","Wood-based panels","1988","m3","17000"
"Forestry Production and Trade","Syrian Arab Republic","Production","Wood-based panels","1989","m3","17000"
"Forestry Production and Trade","Syrian Arab Republic","Production","Wood-based panels","1990","m3","17000"
"Forestry Production and Trade","Syrian Arab Republic","Production","Wood-based panels","1991","m3","17000"
"Forestry Production and Trade","Syrian Arab Republic","Production","Wood-based panels","1992","m3","17000"
"Forestry Production and Trade","Syrian Arab Republic","Production","Wood-based panels","1993","m3","17000"
"Forestry Production and Trade","Syrian Arab Republic","Production","Wood-based panels","1994","m3","17000"
"Forestry Production and Trade","Syrian Arab Republic","Production","Wood-based panels","1995","m3","17000"
"Forestry Production and Trade","Syrian Arab Republic","Production","Wood-based panels","1996","m3","17000"
"Forestry Production and Trade","Syrian Arab Republic","Production","Wood-based panels","1997","m3","17000"
"Forestry Production and Trade","Syrian Arab Republic","Production","Wood-based panels","1998","m3","17000"
"Forestry Production and Trade","Syrian Arab Republic","Production","Wood-based panels","1999","m3","17000"
"Forestry Production and Trade","Syrian Arab Republic","Production","Wood-based panels","2000","m3","17000"
"Forestry Production and Trade","Syrian Arab Republic","Production","Wood-based panels","2001","m3","17000"
"Forestry Production and Trade","Syrian Arab Republic","Production","Wood-based panels","2002","m3","17000"
"Forestry Production and Trade","Syrian Arab Republic","Production","Wood-based panels","2003","m3","17000"
"Forestry Production and Trade","Syrian Arab Republic","Production","Wood-based panels","2004","m3","17000"
"Forestry Production and Trade","Syrian Arab Republic","Production","Wood-based panels","2005","m3","17000"
"Forestry Production and Trade","Syrian Arab Republic","Production","Wood-based panels","2006","m3","17000"
"Forestry Production and Trade","Syrian Arab Republic","Production","Wood-based panels","2007","m3","17000"
"Forestry Production and Trade","Syrian Arab Republic","Production","Wood-based panels","2008","m3","17000"
"Forestry Production and Trade","Syrian Arab Republic","Production","Wood-based panels","2009","m3","17000"
"Forestry Production and Trade","Syrian Arab Republic","Production","Wood-based panels","2010","m3","17000"
"Forestry Production and Trade","Syrian Arab Republic","Production","Wood-based panels","2011","m3","17000"
"Forestry Production and Trade","Syrian Arab Republic","Production","Wood-based panels","2012","m3","17000"
"Forestry Production and Trade","Syrian Arab Republic","Production","Wood-based panels","2013","m3","17000"
"Forestry Production and Trade","Syrian Arab Republic","Production","Wood-based panels","2014","m3","17000"
"Forestry Production and Trade","Syrian Arab Republic","Production","Wood-based panels","2015","m3","17200"
"Forestry Production and Trade","Syrian Arab Republic","Production","Wood-based panels","2016","m3","17200"
"Forestry Production and Trade","Syrian Arab Republic","Production","Wood-based panels","2017","m3","17200"
"Forestry Production and Trade","Syrian Arab Republic","Production","Wood-based panels","2018","m3","17200"
"Forestry Production and Trade","Syrian Arab Republic","Production","Wood-based panels","2019","m3","17200"
"Forestry Production and Trade","Syrian Arab Republic","Production","Wood-based panels","2020","m3","17200"
"Forestry Production and Trade","Syrian Arab Republic","Production","Wood-based panels","2021","m3","17200"
"Forestry Production and Trade","Syrian Arab Republic","Production","Wood-based panels","2022","m3","17200"
"Forestry Production and Trade","Syrian Arab Republic","Production","Wood-based panels","2023","m3","17200"
"Forestry Production and Trade","Syrian Arab Republic","Production","Wood-based panels","2024","m3","17200"
"Forestry Production and Trade","Syrian Arab Republic","Production","Plywood and LVL","1961","m3","11000"
"Forestry Production and Trade","Syrian Arab Republic","Production","Plywood and LVL","1962","m3","11000"
"Forestry Production and Trade","Syrian Arab Republic","Production","Plywood and LVL","1963","m3","11000"
"Forestry Production and Trade","Syrian Arab Republic","Production","Plywood and LVL","1964","m3","11000"
"Forestry Production and Trade","Syrian Arab Republic","Production","Plywood and LVL","1965","m3","11000"
"Forestry Production and Trade","Syrian Arab Republic","Production","Plywood and LVL","1966","m3","9200"
"Forestry Production and Trade","Syrian Arab Republic","Production","Plywood and LVL","1967","m3","10700"
"Forestry Production and Trade","Syrian Arab Republic","Production","Plywood and LVL","1968","m3","11900"
"Forestry Production and Trade","Syrian Arab Republic","Production","Plywood and LVL","1969","m3","11700"
"Forestry Production and Trade","Syrian Arab Republic","Production","Plywood and LVL","1970","m3","11200"
"Forestry Production and Trade","Syrian Arab Republic","Production","Plywood and LVL","1971","m3","11900"
"Forestry Production and Trade","Syrian Arab Republic","Production","Plywood and LVL","1972","m3","12200"
"Forestry Production and Trade","Syrian Arab Republic","Production","Plywood and LVL","1973","m3","11000"
"Forestry Production and Trade","Syrian Arab Republic","Production","Plywood and LVL","1974","m3","5300"
"Forestry Production and Trade","Syrian Arab Republic","Production","Plywood and LVL","1975","m3","8400"
"Forestry Production and Trade","Syrian Arab Republic","Production","Plywood and LVL","1976","m3","7100"
"Forestry Production and Trade","Syrian Arab Republic","Production","Plywood and LVL","1977","m3","9200"
"Forestry Production and Trade","Syrian Arab Republic","Production","Plywood and LVL","1978","m3","9500"
"Forestry Production and Trade","Syrian Arab Republic","Production","Plywood and LVL","1979","m3","9200"
"Forestry Production and Trade","Syrian Arab Republic","Production","Plywood and LVL","1980","m3","7800"
"Forestry Production and Trade","Syrian Arab Republic","Production","Plywood and LVL","1981","m3","7800"
"Forestry Production and Trade","Syrian Arab Republic","Production","Plywood and LVL","1982","m3","7800"
"Forestry Production and Trade","Syrian Arab Republic","Production","Plywood and LVL","1983","m3","7800"
"Forestry Production and Trade","Syrian Arab Republic","Production","Plywood and LVL","1984","m3","7800"
"Forestry Production and Trade","Syrian Arab Republic","Production","Plywood and LVL","1985","m3","7800"
"Forestry Production and Trade","Syrian Arab Republic","Production","Plywood and LVL","1986","m3","7800"
"Forestry Production and Trade","Syrian Arab Republic","Production","Plywood and LVL","1987","m3","7800"
"Forestry Production and Trade","Syrian Arab Republic","Production","Plywood and LVL","1988","m3","7800"
"Forestry Production and Trade","Syrian Arab Republic","Production","Plywood and LVL","1989","m3","7800"
"Forestry Production and Trade","Syrian Arab Republic","Production","Plywood and LVL","1990","m3","7800"
"Forestry Production and Trade","Syrian Arab Republic","Production","Plywood and LVL","1991","m3","7800"
"Forestry Production and Trade","Syrian Arab Republic","Production","Plywood and LVL","1992","m3","7800"
"Forestry Production and Trade","Syrian Arab Republic","Production","Plywood and LVL","1993","m3","7800"
"Forestry Production and Trade","Syrian Arab Republic","Production","Plywood and LVL","1994","m3","7800"
"Forestry Production and Trade","Syrian Arab Republic","Production","Plywood and LVL","1995","m3","7800"
"Forestry Production and Trade","Syrian Arab Republic","Production","Plywood and LVL","1996","m3","7800"
"Forestry Production and Trade","Syrian Arab Republic","Production","Plywood and LVL","1997","m3","7800"
"Forestry Production and Trade","Syrian Arab Republic","Production","Plywood and LVL","1998","m3","7800"
"Forestry Production and Trade","Syrian Arab Republic","Production","Plywood and LVL","1999","m3","7800"
"Forestry Production and Trade","Syrian Arab Republic","Production","Plywood and LVL","2000","m3","7800"
"Forestry Production and Trade","Syrian Arab Republic","Production","Plywood and LVL","2001","m3","7800"
"Forestry Production and Trade","Syrian Arab Republic","Production","Plywood and LVL","2002","m3","7800"
"Forestry Production and Trade","Syrian Arab Republic","Production","Plywood and LVL","2003","m3","7800"
"Forestry Production and Trade","Syrian Arab Republic","Production","Plywood and LVL","2004","m3","7800"
"Forestry Production and Trade","Syrian Arab Republic","Production","Plywood and LVL","2005","m3","7800"
"Forestry Production and Trade","Syrian Arab Republic","Production","Plywood and LVL","2006","m3","7800"
"Forestry Production and Trade","Syrian Arab Republic","Production","Plywood and LVL","2007","m3","7800"
"Forestry Production and Trade","Syrian Arab Republic","Production","Plywood and LVL","2008","m3","7800"
"Forestry Production and Trade","Syrian Arab Republic","Production","Plywood and LVL","2009","m3","7800"
"Forestry Production and Trade","Syrian Arab Republic","Production","Plywood and LVL","2010","m3","7800"
"Forestry Production and Trade","Syrian Arab Republic","Production","Plywood and LVL","2011","m3","7800"
"Forestry Production and Trade","Syrian Arab Republic","Production","Plywood and LVL","2012","m3","7800"
"Forestry Production and Trade","Syrian Arab Republic","Production","Plywood and LVL","2013","m3","7800"
"Forestry Production and Trade","Syrian Arab Republic","Production","Plywood and LVL","2014","m3","7800"
"Forestry Production and Trade","Syrian Arab Republic","Production","Plywood and LVL","2015","m3","8000"
"Forestry Production and Trade","Syrian Arab Republic","Production","Plywood and LVL","2016","m3","8000"
"Forestry Production and Trade","Syrian Arab Republic","Production","Plywood and LVL","2017","m3","8000"
"Forestry Production and Trade","Syrian Arab Republic","Production","Plywood and LVL","2018","m3","8000"
"Forestry Production and Trade","Syrian Arab Republic","Production","Plywood and LVL","2019","m3","8000"
"Forestry Production and Trade","Syrian Arab Republic","Production","Plywood and LVL","2020","m3","8000"
"Forestry Production and Trade","Syrian Arab Republic","Production","Plywood and LVL","2021","m3","8000"
"Forestry Production and Trade","Syrian Arab Republic","Production","Plywood and LVL","2022","m3","8000"
"Forestry Production and Trade","Syrian Arab Republic","Production","Plywood and LVL","2023","m3","8000"
"Forestry Production and Trade","Syrian Arab Republic","Production","Plywood and LVL","2024","m3","8000"
"Forestry Production and Trade","Syrian Arab Republic","Production","Particle board and OSB (1961-1994)","1968","m3","2800"
"Forestry Production and Trade","Syrian Arab Republic","Production","Particle board and OSB (1961-1994)","1969","m3","4300"
"Forestry Production and Trade","Syrian Arab Republic","Production","Particle board and OSB (1961-1994)","1970","m3","6600"
"Forestry Production and Trade","Syrian Arab Republic","Production","Particle board and OSB (1961-1994)","1971","m3","4400"
"Forestry Production and Trade","Syrian Arab Republic","Production","Particle board and OSB (1961-1994)","1972","m3","4400"
"Forestry Production and Trade","Syrian Arab Republic","Production","Particle board and OSB (1961-1994)","1973","m3","10000"
"Forestry Production and Trade","Syrian Arab Republic","Production","Particle board and OSB (1961-1994)","1974","m3","8200"
"Forestry Production and Trade","Syrian Arab Republic","Production","Particle board and OSB (1961-1994)","1975","m3","4000"
"Forestry Production and Trade","Syrian Arab Republic","Production","Particle board and OSB (1961-1994)","1976","m3","4800"
"Forestry Production and Trade","Syrian Arab Republic","Production","Particle board and OSB (1961-1994)","1977","m3","3200"
"Forestry Production and Trade","Syrian Arab Republic","Production","Particle board and OSB (1961-1994)","1978","m3","6500"
"Forestry Production and Trade","Syrian Arab Republic","Production","Particle board and OSB (1961-1994)","1979","m3","9200"
"Forestry Production and Trade","Syrian Arab Republic","Production","Particle board and OSB (1961-1994)","1980","m3","9200"
"Forestry Production and Trade","Syrian Arab Republic","Production","Particle board and OSB (1961-1994)","1981","m3","9200"
"Forestry Production and Trade","Syrian Arab Republic","Production","Particle board and OSB (1961-1994)","1982","m3","9200"
"Forestry Production and Trade","Syrian Arab Republic","Production","Particle board and OSB (1961-1994)","1983","m3","9200"
"Forestry Production and Trade","Syrian Arab Republic","Production","Particle board and OSB (1961-1994)","1984","m3","9200"
"Forestry Production and Trade","Syrian Arab Republic","Production","Particle board and OSB (1961-1994)","1985","m3","9200"
"Forestry Production and Trade","Syrian Arab Republic","Production","Particle board and OSB (1961-1994)","1986","m3","9200"
"Forestry Production and Trade","Syrian Arab Republic","Production","Particle board and OSB (1961-1994)","1987","m3","9200"
"Forestry Production and Trade","Syrian Arab Republic","Production","Particle board and OSB (1961-1994)","1988","m3","9200"
"Forestry Production and Trade","Syrian Arab Republic","Production","Particle board and OSB (1961-1994)","1989","m3","9200"
"Forestry Production and Trade","Syrian Arab Republic","Production","Particle board and OSB (1961-1994)","1990","m3","9200"
"Forestry Production and Trade","Syrian Arab Republic","Production","Particle board and OSB (1961-1994)","1991","m3","9200"
"Forestry Production and Trade","Syrian Arab Republic","Production","Particle board and OSB (1961-1994)","1992","m3","9200"
"Forestry Production and Trade","Syrian Arab Republic","Production","Particle board and OSB (1961-1994)","1993","m3","9200"
"Forestry Production and Trade","Syrian Arab Republic","Production","Particle board and OSB (1961-1994)","1994","m3","9200"
"Forestry Production and Trade","Syrian Arab Republic","Production","Particle board","1995","m3","9200"
"Forestry Production and Trade","Syrian Arab Republic","Production","Particle board","1996","m3","9200"
"Forestry Production and Trade","Syrian Arab Republic","Production","Particle board","1997","m3","9200"
"Forestry Production and Trade","Syrian Arab Republic","Production","Particle board","1998","m3","9200"
"Forestry Production and Trade","Syrian Arab Republic","Production","Particle board","1999","m3","9200"
"Forestry Production and Trade","Syrian Arab Republic","Production","Particle board","2000","m3","9200"
"Forestry Production and Trade","Syrian Arab Republic","Production","Particle board","2001","m3","9200"
"Forestry Production and Trade","Syrian Arab Republic","Production","Particle board","2002","m3","9200"
"Forestry Production and Trade","Syrian Arab Republic","Production","Particle board","2003","m3","9200"
"Forestry Production and Trade","Syrian Arab Republic","Production","Particle board","2004","m3","9200"
"Forestry Production and Trade","Syrian Arab Republic","Production","Particle board","2005","m3","9200"
"Forestry Production and Trade","Syrian Arab Republic","Production","Particle board","2006","m3","9200"
"Forestry Production and Trade","Syrian Arab Republic","Production","Particle board","2007","m3","9200"
"Forestry Production and Trade","Syrian Arab Republic","Production","Particle board","2008","m3","9200"
"Forestry Production and Trade","Syrian Arab Republic","Production","Particle board","2009","m3","9200"
"Forestry Production and Trade","Syrian Arab Republic","Production","Particle board","2010","m3","9200"
"Forestry Production and Trade","Syrian Arab Republic","Production","Particle board","2011","m3","9200"
"Forestry Production and Trade","Syrian Arab Republic","Production","Particle board","2012","m3","9200"
"Forestry Production and Trade","Syrian Arab Republic","Production","Particle board","2013","m3","9200"
"Forestry Production and Trade","Syrian Arab Republic","Production","Particle board","2014","m3","9200"
"Forestry Production and Trade","Syrian Arab Republic","Production","Particle board","2015","m3","9200"
"Forestry Production and Trade","Syrian Arab Republic","Production","Particle board","2016","m3","9200"
"Forestry Production and Trade","Syrian Arab Republic","Production","Particle board","2017","m3","9200"
"Forestry Production and Trade","Syrian Arab Republic","Production","Particle board","2018","m3","9200"
"Forestry Production and Trade","Syrian Arab Republic","Production","Particle board","2019","m3","9200"
"Forestry Production and Trade","Syrian Arab Republic","Production","Particle board","2020","m3","9200"
"Forestry Production and Trade","Syrian Arab Republic","Production","Particle board","2021","m3","9200"
"Forestry Production and Trade","Syrian Arab Republic","Production","Particle board","2022","m3","9200"
"Forestry Production and Trade","Syrian Arab Republic","Production","Particle board","2023","m3","9200"
"Forestry Production and Trade","Syrian Arab Republic","Production","Particle board","2024","m3","9200"
"Forestry Production and Trade","Syrian Arab Republic","Production","Paper and paperboard","1968","t","900"
"Forestry Production and Trade","Syrian Arab Republic","Production","Paper and paperboard","1969","t","900"
"Forestry Production and Trade","Syrian Arab Republic","Production","Paper and paperboard","1970","t","900"
"Forestry Production and Trade","Syrian Arab Republic","Production","Paper and paperboard","1972","t","1400"
"Forestry Production and Trade","Syrian Arab Republic","Production","Paper and paperboard","1973","t","1900"
"Forestry Production and Trade","Syrian Arab Republic","Production","Paper and paperboard","1974","t","2000"
"Forestry Production and Trade","Syrian Arab Republic","Production","Paper and paperboard","1975","t","2100"
"Forestry Production and Trade","Syrian Arab Republic","Production","Paper and paperboard","1976","t","3100"
"Forestry Production and Trade","Syrian Arab Republic","Production","Paper and paperboard","1977","t","3100"
"Forestry Production and Trade","Syrian Arab Republic","Production","Paper and paperboard","1978","t","3100"
"Forestry Production and Trade","Syrian Arab Republic","Production","Paper and paperboard","1979","t","3100"
"Forestry Production and Trade","Syrian Arab Republic","Production","Paper and paperboard","1980","t","3100"
"Forestry Production and Trade","Syrian Arab Republic","Production","Paper and paperboard","1981","t","3100"
"Forestry Production and Trade","Syrian Arab Republic","Production","Paper and paperboard","1982","t","3100"
"Forestry Production and Trade","Syrian Arab Republic","Production","Paper and paperboard","1983","t","3100"
"Forestry Production and Trade","Syrian Arab Republic","Production","Paper and paperboard","1984","t","3100"
"Forestry Production and Trade","Syrian Arab Republic","Production","Paper and paperboard","1985","t","5000"
"Forestry Production and Trade","Syrian Arab Republic","Production","Paper and paperboard","1986","t","5000"
"Forestry Production and Trade","Syrian Arab Republic","Production","Paper and paperboard","1987","t","10000"
"Forestry Production and Trade","Syrian Arab Republic","Production","Paper and paperboard","1988","t","19000"
"Forestry Production and Trade","Syrian Arab Republic","Production","Paper and paperboard","1989","t","19000"
"Forestry Production and Trade","Syrian Arab Republic","Production","Paper and paperboard","1990","t","19000"
"Forestry Production and Trade","Syrian Arab Republic","Production","Paper and paperboard","1991","t","1000"
"Forestry Production and Trade","Syrian Arab Republic","Production","Paper and paperboard","1992","t","1000"
"Forestry Production and Trade","Syrian Arab Republic","Production","Paper and paperboard","1993","t","1000"
"Forestry Production and Trade","Syrian Arab Republic","Production","Paper and paperboard","1994","t","1000"
"Forestry Production and Trade","Syrian Arab Republic","Production","Paper and paperboard","1995","t","1000"
"Forestry Production and Trade","Syrian Arab Republic","Production","Paper and paperboard","1996","t","1000"
"Forestry Production and Trade","Syrian Arab Republic","Production","Paper and paperboard","1997","t","1000"
"Forestry Production and Trade","Syrian Arab Republic","Production","Paper and paperboard","1998","t","1000"
"Forestry Production and Trade","Syrian Arab Republic","Production","Paper and paperboard","1999","t","1000"
"Forestry Production and Trade","Syrian Arab Republic","Production","Paper and paperboard","2000","t","11000"
"Forestry Production and Trade","Syrian Arab Republic","Production","Paper and paperboard","2001","t","15000"
"Forestry Production and Trade","Syrian Arab Republic","Production","Paper and paperboard","2002","t","15000"
"Forestry Production and Trade","Syrian Arab Republic","Production","Paper and paperboard","2003","t","62000"
"Forestry Production and Trade","Syrian Arab Republic","Production","Paper and paperboard","2004","t","75000"
"Forestry Production and Trade","Syrian Arab Republic","Production","Paper and paperboard","2005","t","75000"
"Forestry Production and Trade","Syrian Arab Republic","Production","Paper and paperboard","2006","t","75000"
"Forestry Production and Trade","Syrian Arab Republic","Production","Paper and paperboard","2007","t","75000"
"Forestry Production and Trade","Syrian Arab Republic","Production","Paper and paperboard","2008","t","75000"
"Forestry Production and Trade","Syrian Arab Republic","Production","Paper and paperboard","2009","t","75000"
"Forestry Production and Trade","Syrian Arab Republic","Production","Paper and paperboard","2010","t","75000"
"Forestry Production and Trade","Syrian Arab Republic","Production","Paper and paperboard","2011","t","75000"
"Forestry Production and Trade","Syrian Arab Republic","Production","Paper and paperboard","2012","t","75000"
"Forestry Production and Trade","Syrian Arab Republic","Production","Paper and paperboard","2013","t","75000"
"Forestry Production and Trade","Syrian Arab Republic","Production","Paper and paperboard","2014","t","75000"
"Forestry Production and Trade","Syrian Arab Republic","Production","Paper and paperboard","2015","t","75000"
"Forestry Production and Trade","Syrian Arab Republic","Production","Paper and paperboard","2016","t","75000"
"Forestry Production and Trade","Syrian Arab Republic","Production","Paper and paperboard","2017","t","75000"
"Forestry Production and Trade","Syrian Arab Republic","Production","Paper and paperboard","2018","t","75000"
"Forestry Production and Trade","Syrian Arab Republic","Production","Paper and paperboard","2019","t","75000"
"Forestry Production and Trade","Syrian Arab Republic","Production","Paper and paperboard","2020","t","75000"
"Forestry Production and Trade","Syrian Arab Republic","Production","Paper and paperboard","2021","t","75000"
"Forestry Production and Trade","Syrian Arab Republic","Production","Paper and paperboard","2022","t","75000"
"Forestry Production and Trade","Syrian Arab Republic","Production","Paper and paperboard","2023","t","75000"
"Forestry Production and Trade","Syrian Arab Republic","Production","Paper and paperboard","2024","t","75000"
"Forestry Production and Trade","Syrian Arab Republic","Production","Other paper and paperboard","1968","t","900"
"Forestry Production and Trade","Syrian Arab Republic","Production","Other paper and paperboard","1969","t","900"
"Forestry Production and Trade","Syrian Arab Republic","Production","Other paper and paperboard","1970","t","900"
"Forestry Production and Trade","Syrian Arab Republic","Production","Other paper and paperboard","1972","t","1400"
"Forestry Production and Trade","Syrian Arab Republic","Production","Other paper and paperboard","1973","t","1900"
"Forestry Production and Trade","Syrian Arab Republic","Production","Other paper and paperboard","1974","t","2000"
"Forestry Production and Trade","Syrian Arab Republic","Production","Other paper and paperboard","1975","t","2100"
"Forestry Production and Trade","Syrian Arab Republic","Production","Other paper and paperboard","1976","t","3100"
"Forestry Production and Trade","Syrian Arab Republic","Production","Other paper and paperboard","1977","t","3100"
"Forestry Production and Trade","Syrian Arab Republic","Production","Other paper and paperboard","1978","t","3100"
"Forestry Production and Trade","Syrian Arab Republic","Production","Other paper and paperboard","1979","t","3100"
"Forestry Production and Trade","Syrian Arab Republic","Production","Other paper and paperboard","1980","t","3100"
"Forestry Production and Trade","Syrian Arab Republic","Production","Other paper and paperboard","1981","t","3100"
"Forestry Production and Trade","Syrian Arab Republic","Production","Other paper and paperboard","1982","t","3100"
"Forestry Production and Trade","Syrian Arab Republic","Production","Other paper and paperboard","1983","t","3100"
"Forestry Production and Trade","Syrian Arab Republic","Production","Other paper and paperboard","1984","t","3100"
"Forestry Production and Trade","Syrian Arab Republic","Production","Other paper and paperboard","1985","t","5000"
"Forestry Production and Trade","Syrian Arab Republic","Production","Other paper and paperboard","1986","t","5000"
"Forestry Production and Trade","Syrian Arab Republic","Production","Other paper and paperboard","1987","t","10000"
"Forestry Production and Trade","Syrian Arab Republic","Production","Other paper and paperboard","1988","t","19000"
"Forestry Production and Trade","Syrian Arab Republic","Production","Other paper and paperboard","1989","t","19000"
"Forestry Production and Trade","Syrian Arab Republic","Production","Other paper and paperboard","1990","t","19000"
"Forestry Production and Trade","Syrian Arab Republic","Production","Other paper and paperboard","1991","t","1000"
"Forestry Production and Trade","Syrian Arab Republic","Production","Other paper and paperboard","1992","t","1000"
"Forestry Production and Trade","Syrian Arab Republic","Production","Other paper and paperboard","1993","t","1000"
"Forestry Production and Trade","Syrian Arab Republic","Production","Other paper and paperboard","1994","t","1000"
"Forestry Production and Trade","Syrian Arab Republic","Production","Other paper and paperboard","1995","t","1000"
"Forestry Production and Trade","Syrian Arab Republic","Production","Other paper and paperboard","1996","t","1000"
"Forestry Production and Trade","Syrian Arab Republic","Production","Other paper and paperboard","1997","t","1000"
"Forestry Production and Trade","Syrian Arab Republic","Production","Other paper and paperboard","1998","t","1000"
"Forestry Production and Trade","Syrian Arab Republic","Production","Other paper and paperboard","1999","t","1000"
"Forestry Production and Trade","Syrian Arab Republic","Production","Other paper and paperboard","2000","t","11000"
"Forestry Production and Trade","Syrian Arab Republic","Production","Other paper and paperboard","2001","t","15000"
"Forestry Production and Trade","Syrian Arab Republic","Production","Other paper and paperboard","2002","t","15000"
"Forestry Production and Trade","Syrian Arab Republic","Production","Other paper and paperboard","2003","t","62000"
"Forestry Production and Trade","Syrian Arab Republic","Production","Other paper and paperboard","2004","t","75000"
"Forestry Production and Trade","Syrian Arab Republic","Production","Other paper and paperboard","2005","t","75000"
"Forestry Production and Trade","Syrian Arab Republic","Production","Other paper and paperboard","2006","t","75000"
"Forestry Production and Trade","Syrian Arab Republic","Production","Other paper and paperboard","2007","t","75000"
"Forestry Production and Trade","Syrian Arab Republic","Production","Other paper and paperboard","2008","t","75000"
"Forestry Production and Trade","Syrian Arab Republic","Production","Other paper and paperboard","2009","t","75000"
"Forestry Production and Trade","Syrian Arab Republic","Production","Other paper and paperboard","2010","t","75000"
"Forestry Production and Trade","Syrian Arab Republic","Production","Other paper and paperboard","2011","t","75000"
"Forestry Production and Trade","Syrian Arab Republic","Production","Other paper and paperboard","2012","t","75000"
"Forestry Production and Trade","Syrian Arab Republic","Production","Other paper and paperboard","2013","t","75000"
"Forestry Production and Trade","Syrian Arab Republic","Production","Other paper and paperboard","2014","t","75000"
"Forestry Production and Trade","Syrian Arab Republic","Production","Other paper and paperboard","2015","t","75000"
"Forestry Production and Trade","Syrian Arab Republic","Production","Other paper and paperboard","2016","t","75000"
"Forestry Production and Trade","Syrian Arab Republic","Production","Other paper and paperboard","2017","t","75000"
"Forestry Production and Trade","Syrian Arab Republic","Production","Other paper and paperboard","2018","t","75000"
"Forestry Production and Trade","Syrian Arab Republic","Production","Other paper and paperboard","2019","t","75000"
"Forestry Production and Trade","Syrian Arab Republic","Production","Other paper and paperboard","2020","t","75000"
"Forestry Production and Trade","Syrian Arab Republic","Production","Other paper and paperboard","2021","t","75000"
"Forestry Production and Trade","Syrian Arab Republic","Production","Other paper and paperboard","2022","t","75000"
"Forestry Production and Trade","Syrian Arab Republic","Production","Other paper and paperboard","2023","t","75000"
"Forestry Production and Trade","Syrian Arab Republic","Production","Other paper and paperboard","2024","t","75000"
"Forestry Production and Trade","Syrian Arab Republic","Production","Packaging paper and paperboard","1998","t","1000"
"Forestry Production and Trade","Syrian Arab Republic","Production","Packaging paper and paperboard","1999","t","1000"
"Forestry Production and Trade","Syrian Arab Republic","Production","Packaging paper and paperboard","2000","t","1000"
"Forestry Production and Trade","Syrian Arab Republic","Production","Packaging paper and paperboard","2001","t","1000"
"Forestry Production and Trade","Syrian Arab Republic","Production","Packaging paper and paperboard","2002","t","1000"
"Forestry Production and Trade","Syrian Arab Republic","Production","Packaging paper and paperboard","2003","t","1000"
"Forestry Production and Trade","Syrian Arab Republic","Production","Packaging paper and paperboard","2004","t","1000"
"Forestry Production and Trade","Syrian Arab Republic","Production","Packaging paper and paperboard","2005","t","1000"
"Forestry Production and Trade","Syrian Arab Republic","Production","Packaging paper and paperboard","2006","t","1000"
"Forestry Production and Trade","Syrian Arab Republic","Production","Packaging paper and paperboard","2007","t","1000"
"Forestry Production and Trade","Syrian Arab Republic","Production","Packaging paper and paperboard","2008","t","1000"
"Forestry Production and Trade","Syrian Arab Republic","Production","Packaging paper and paperboard","2009","t","1000"
"Forestry Production and Trade","Syrian Arab Republic","Production","Packaging paper and paperboard","2010","t","1000"
"Forestry Production and Trade","Syrian Arab Republic","Production","Packaging paper and paperboard","2011","t","1000"
"Forestry Production and Trade","Syrian Arab Republic","Production","Packaging paper and paperboard","2012","t","1000"
"Forestry Production and Trade","Syrian Arab Republic","Production","Packaging paper and paperboard","2013","t","1000"
"Forestry Production and Trade","Syrian Arab Republic","Production","Packaging paper and paperboard","2014","t","1000"
"Forestry Production and Trade","Syrian Arab Republic","Production","Packaging paper and paperboard","2015","t","1000"
"Forestry Production and Trade","Syrian Arab Republic","Production","Packaging paper and paperboard","2016","t","1000"
"Forestry Production and Trade","Syrian Arab Republic","Production","Packaging paper and paperboard","2017","t","1000"
"Forestry Production and Trade","Syrian Arab Republic","Production","Packaging paper and paperboard","2018","t","1000"
"Forestry Production and Trade","Syrian Arab Republic","Production","Packaging paper and paperboard","2019","t","1000"
"Forestry Production and Trade","Syrian Arab Republic","Production","Packaging paper and paperboard","2020","t","1000"
"Forestry Production and Trade","Syrian Arab Republic","Production","Packaging paper and paperboard","2021","t","1000"
"Forestry Production and Trade","Syrian Arab Republic","Production","Packaging paper and paperboard","2022","t","1000"
"Forestry Production and Trade","Syrian Arab Republic","Production","Packaging paper and paperboard","2023","t","1000"
"Forestry Production and Trade","Syrian Arab Republic","Production","Packaging paper and paperboard","2024","t","1000"
"Forestry Production and Trade","Syrian Arab Republic","Production","Wrapping and packaging paper and paperboard (1961-1997)","1990","t","19000"
"Forestry Production and Trade","Syrian Arab Republic","Production","Wrapping and packaging paper and paperboard (1961-1997)","1991","t","1000"
"Forestry Production and Trade","Syrian Arab Republic","Production","Wrapping and packaging paper and paperboard (1961-1997)","1992","t","1000"
"Forestry Production and Trade","Syrian Arab Republic","Production","Wrapping and packaging paper and paperboard (1961-1997)","1993","t","1000"
"Forestry Production and Trade","Syrian Arab Republic","Production","Wrapping and packaging paper and paperboard (1961-1997)","1994","t","1000"
"Forestry Production and Trade","Syrian Arab Republic","Production","Wrapping and packaging paper and paperboard (1961-1997)","1995","t","1000"
"Forestry Production and Trade","Syrian Arab Republic","Production","Wrapping and packaging paper and paperboard (1961-1997)","1996","t","1000"
"Forestry Production and Trade","Syrian Arab Republic","Production","Wrapping and packaging paper and paperboard (1961-1997)","1997","t","1000"
"Forestry Production and Trade","Syrian Arab Republic","Production","Case materials","1998","t","1000"
"Forestry Production and Trade","Syrian Arab Republic","Production","Case materials","1999","t","1000"
"Forestry Production and Trade","Syrian Arab Republic","Production","Case materials","2000","t","1000"
"Forestry Production and Trade","Syrian Arab Republic","Production","Case materials","2001","t","1000"
"Forestry Production and Trade","Syrian Arab Republic","Production","Case materials","2002","t","1000"
"Forestry Production and Trade","Syrian Arab Republic","Production","Case materials","2003","t","1000"
"Forestry Production and Trade","Syrian Arab Republic","Production","Case materials","2004","t","1000"
"Forestry Production and Trade","Syrian Arab Republic","Production","Case materials","2005","t","1000"
"Forestry Production and Trade","Syrian Arab Republic","Production","Case materials","2006","t","1000"
"Forestry Production and Trade","Syrian Arab Republic","Production","Case materials","2007","t","1000"
"Forestry Production and Trade","Syrian Arab Republic","Production","Case materials","2008","t","1000"
"Forestry Production and Trade","Syrian Arab Republic","Production","Case materials","2009","t","1000"
"Forestry Production and Trade","Syrian Arab Republic","Production","Case materials","2010","t","1000"
"Forestry Production and Trade","Syrian Arab Republic","Production","Case materials","2011","t","1000"
"Forestry Production and Trade","Syrian Arab Republic","Production","Case materials","2012","t","1000"
"Forestry Production and Trade","Syrian Arab Republic","Production","Case materials","2013","t","1000"
"Forestry Production and Trade","Syrian Arab Republic","Production","Case materials","2014","t","1000"
"Forestry Production and Trade","Syrian Arab Republic","Production","Case materials","2015","t","1000"
"Forestry Production and Trade","Syrian Arab Republic","Production","Case materials","2016","t","1000"
"Forestry Production and Trade","Syrian Arab Republic","Production","Case materials","2017","t","1000"
"Forestry Production and Trade","Syrian Arab Republic","Production","Case materials","2018","t","1000"
"Forestry Production and Trade","Syrian Arab Republic","Production","Case materials","2019","t","1000"
"Forestry Production and Trade","Syrian Arab Republic","Production","Case materials","2020","t","1000"
"Forestry Production and Trade","Syrian Arab Republic","Production","Case materials","2021","t","1000"
"Forestry Production and Trade","Syrian Arab Republic","Production","Case materials","2022","t","1000"
"Forestry Production and Trade","Syrian Arab Republic","Production","Case materials","2023","t","1000"
"Forestry Production and Trade","Syrian Arab Republic","Production","Case materials","2024","t","1000"
